{"magnetometer": [[1.4091826176373998e+18, 1.0, -35.8795166015625, -1.1993408203125, -11.15875244140625], [1.4091826176575109e+18, 1.0, -35.8184814453125, -1.07879638671875, -11.33880615234375], [1.4091826176776525e+18, 1.0, -35.99853515625, -1.07879638671875, -11.4593505859375], [1.4091826176978245e+18, 1.0, -36.0595703125, -0.89874267578125, -11.8194580078125], [1.4091826177179356e+18, 1.0, -36.83929443359375, -1.8585205078125, -14.15863037109375], [1.4091826177381079e+18, 1.0, -39.47906494140625, -4.91943359375, -22.198486328125], [1.409182617778452e+18, 0.0, -50.27923583984375, -22.67913818359375, -68.99871826171875], [1.4091826177985326e+18, 0.0, -56.6986083984375, -31.67877197265625, -94.9798583984375], [1.4091826178186742e+18, 0.0, -63.5986328125, -41.03851318359375, -121.0784912109375], [1.4091826178388157e+18, 0.0, -70.379638671875, -50.45928955078125, -147.35870361328125], [1.4091826178589268e+18, 0.0, -77.459716796875, -60.11962890625, -173.39935302734375], [1.4091826178790684e+18, 0.0, -83.69903564453125, -69.1192626953125, -197.2198486328125], [1.4091826178992407e+18, 0.0, -87.8387451171875, -75.8392333984375, -214.97955322265625], [1.4091826179193823e+18, 0.0, -86.87896728515625, -71.038818359375, -210.77880859375], [1.4091826179395543e+18, 0.0, -82.49969482421875, -62.15972900390625, -189.898681640625], [1.409182617979807e+18, 0.0, -70.25909423828125, -43.19915771484375, -141.53900146484375], [1.4091826179999485e+18, 0.0, -63.89923095703125, -33.7188720703125, -116.63970947265625], [1.4091826180200904e+18, 0.0, -57.4188232421875, -23.8189697265625, -91.67938232421875], [1.4091826180402319e+18, 0.0, -50.93994140625, -13.67950439453125, -66.778564453125], [1.409182618060404e+18, 0.0, -44.81964111328125, -3.59954833984375, -42.059326171875], [1.4091826180806067e+18, 0.0, -41.03851318359375, 0.95977783203125, -25.55999755859375], [1.4091826181006871e+18, 0.0, -40.55938720703125, 1.31988525390625, -22.55859375], [1.4091826181208287e+18, 0.0, -40.679931640625, 1.37939453125, -21.29974365234375], [1.4091826181409398e+18, 0.0, -40.679931640625, 1.37939453125, -20.93963623046875], [1.4091826181610813e+18, 0.0, -40.4998779296875, 1.43890380859375, -20.21942138671875], [1.4091826181811924e+18, 0.0, -40.4998779296875, 1.49993896484375, -19.85931396484375], [1.4091826182013647e+18, 0.0, -40.4388427734375, 1.37939453125, -19.6197509765625]], "onAccuracyChangedData": [[4134703099878, 0], [4140388129634, 1], [4144290586524, 0]], "version": "1.0.0", "calibrated": true, "systemInfo": {"Build.MODEL": "Nexus 4", "Build.VERSION.SDK_INT": 19, "Build.DEVICE": "mako", "screenResolution.X": 1196, "screenResolution.Y": 768, "Build.PRODUCT": "occam"}, "labels": [[1409182617717935616, 3]], "filename": "nexus4-pos-multi-cjr-1-00.json"}