{"magnetometer": [[1.4091826197321764e+18, 0.0, -40.19927978515625, 1.9195556640625, -18.719482421875], [1.4091826197523487e+18, 0.0, -40.0787353515625, 1.79901123046875, -18.95904541015625], [1.4091826197724902e+18, 0.0, -40.0787353515625, 1.79901123046875, -19.07958984375], [1.4091826197926013e+18, 0.0, -40.01922607421875, 1.9195556640625, -19.31915283203125], [1.4091826198127734e+18, 0.0, -40.8599853515625, 1.1993408203125, -20.6390380859375], [1.4091826198329149e+18, 0.0, -45.17974853515625, -3.77960205078125, -30.718994140625], [1.4091826198731981e+18, 0.0, -61.6790771484375, -25.13885498046875, -82.07855224609375], [1.4091826198934313e+18, 0.0, -70.1385498046875, -35.699462890625, -107.9986572265625], [1.4091826199134815e+18, 0.0, -78.77960205078125, -46.319580078125, -133.97979736328125], [1.4091826199335926e+18, 0.0, -87.1185302734375, -56.878662109375, -160.0799560546875], [1.4091826199537646e+18, 0.0, -95.21942138671875, -67.85888671875, -185.99853515625], [1.4091826199739062e+18, 0.0, -101.9989013671875, -77.2796630859375, -209.51995849609375], [1.4091826199940173e+18, 0.0, -102.3590087890625, -75.89874267578125, -213.4185791015625], [1.4091826200343309e+18, 0.0, -88.97857666015625, -55.43975830078125, -167.0989990234375], [1.4091826200544727e+18, 0.0, -81.77947998046875, -45.11871337890625, -142.138671875], [1.4091826200745838e+18, 0.0, -74.51934814453125, -34.49859619140625, -116.81976318359375], [1.4091826200947254e+18, 0.0, -67.07916259765625, -23.9990234375, -90.95916748046875], [1.4091826201149279e+18, 0.0, -59.8785400390625, -13.43994140625, -65.51971435546875], [1.4091826201350085e+18, 0.0, -53.2196044921875, -3.2989501953125, -40.8599853515625], [1.4091826201551805e+18, 0.0, -49.25994873046875, 0.1190185546875, -27.178955078125], [1.4091826201753221e+18, 0.0, -48.17962646484375, 0.71868896484375, -23.5198974609375], [1.4091826201954944e+18, 0.0, -47.63946533203125, 1.019287109375, -22.0794677734375], [1.4091826202156055e+18, 0.0, -47.1588134765625, 1.25885009765625, -21.17919921875], [1.4091826202357471e+18, 0.0, -46.8597412109375, 1.31988525390625, -20.458984375], [1.4091826202559191e+18, 0.0, -46.55914306640625, 1.31988525390625, -20.21942138671875], [1.4091826202760607e+18, 0.0, -46.1395263671875, 1.67999267578125, -19.73876953125], [1.4091826202961413e+18, 0.0, -45.71990966796875, 1.67999267578125, -19.2596435546875]], "onAccuracyChangedData": [[4134703099878, 0], [4140388129634, 1], [4144290586524, 0]], "version": "1.0.0", "calibrated": true, "systemInfo": {"Build.MODEL": "Nexus 4", "Build.VERSION.SDK_INT": 19, "Build.DEVICE": "mako", "screenResolution.X": 1196, "screenResolution.Y": 768, "Build.PRODUCT": "occam"}, "labels": [[1409182619812773376, 3]], "filename": "nexus4-pos-multi-cjr-1-01.json"}