{"magnetometer": [[1.4091826715614093e+18, 0.0, -45.7794189453125, -0.17852783203125, -14.8193359375], [1.4091826715815204e+18, 0.0, -44.6990966796875, 0.59967041015625, -12.65869140625], [1.4091826716016315e+18, 0.0, -42.65899658203125, 2.099609375, -8.45947265625], [1.4091826716218038e+18, 0.0, -39.599609375, 4.13970947265625, -2.2186279296875], [1.4091826716419149e+18, 0.0, -35.27984619140625, 6.8389892578125, 6.1798095703125], [1.4091826716620564e+18, 0.0, -29.1595458984375, 10.0799560546875, 17.15850830078125], [1.4091826717023091e+18, 0.0, -6.05926513671875, 19.49920654296875, 54.83856201171875], [1.4091826717224812e+18, 0.0, 6.658935546875, 23.699951171875, 74.7589111328125], [1.4091826717426227e+18, 0.0, 18.8385009765625, 27.3590087890625, 93.41888427734375], [1.4091826717627643e+18, 0.0, 29.998779296875, 30.419921875, 110.1593017578125], [1.4091826717829059e+18, 0.0, 39.959716796875, 32.93914794921875, 124.73907470703125], [1.4091826718030477e+18, 0.0, 48.9593505859375, 34.91973876953125, 136.97967529296875], [1.4091826718231892e+18, 0.0, 56.15997314453125, 36.2396240234375, 146.51947021484375], [1.4091826718433004e+18, 0.0, 58.4991455078125, 35.5194091796875, 149.15924072265625], [1.4091826718635028e+18, 0.0, 58.61968994140625, 35.45989990234375, 148.858642578125], [1.409182671883614e+18, 0.0, 58.1390380859375, 35.09979248046875, 148.199462890625], [1.4091826719037251e+18, 0.0, 55.01861572265625, 33.83941650390625, 144.29931640625], [1.4091826719238971e+18, 0.0, 48.11859130859375, 31.37969970703125, 134.2193603515625], [1.4091826719440387e+18, 0.0, 38.81988525390625, 28.55987548828125, 120.71990966796875], [1.4091826719641805e+18, 0.0, 28.55987548828125, 25.31890869140625, 105.65948486328125], [1.409182671984322e+18, 0.0, 17.8192138671875, 22.0794677734375, 89.69879150390625], [1.4091826720044636e+18, 0.0, 7.07855224609375, 18.719482421875, 73.5595703125], [1.4091826720245747e+18, 0.0, -3.77960205078125, 15.29998779296875, 57.2998046875], [1.4091826720447468e+18, 0.0, -14.6392822265625, 11.99951171875, 40.8599853515625], [1.4091826720648579e+18, 0.0, -23.27880859375, 9.3597412109375, 27.178955078125], [1.4091826720850299e+18, 0.0, -28.0792236328125, 7.85980224609375, 19.6197509765625], [1.409182672105141e+18, 0.0, -30.65948486328125, 6.89849853515625, 15.41900634765625], [1.4091826721253133e+18, 0.0, -32.6995849609375, 6.05926513671875, 12.41912841796875]], "onAccuracyChangedData": [[4134703099878, 0], [4140388129634, 1], [4144290586524, 0]], "version": "1.0.0", "calibrated": true, "systemInfo": {"Build.MODEL": "Nexus 4", "Build.VERSION.SDK_INT": 19, "Build.DEVICE": "mako", "screenResolution.X": 1196, "screenResolution.Y": 768, "Build.PRODUCT": "occam"}, "labels": [[1409182671641914880, 2]], "filename": "nexus4-pos-multi-cjr-1-52.json"}