{"magnetometer": [[1.4091826541192159e+18, 0.0, -45.4193115234375, -1.8585205078125, -20.6390380859375], [1.4091826541393574e+18, 0.0, -45.17974853515625, -1.1993408203125, -20.458984375], [1.409182654159499e+18, 0.0, -45.17974853515625, -0.77972412109375, -20.21942138671875], [1.4091826541797627e+18, 0.0, -44.99969482421875, -0.8392333984375, -20.458984375], [1.4091826541997821e+18, 0.0, -46.258544921875, -2.15911865234375, -24.1790771484375], [1.4091826542199237e+18, 0.0, -51.71966552734375, -8.9996337890625, -39.3585205078125], [1.4091826542603543e+18, 0.0, -69.95849609375, -33.65936279296875, -96.3592529296875], [1.4091826542805568e+18, 0.0, -79.49981689453125, -46.319580078125, -125.15869140625], [1.4091826543006374e+18, 0.0, -89.39971923828125, -59.27886962890625, -153.77960205078125], [1.409182654320779e+18, 0.0, -99.47967529296875, -72.35870361328125, -182.51953125], [1.4091826543408596e+18, 0.0, -109.49859619140625, -85.31951904296875, -210.77880859375], [1.4091826543610624e+18, 0.0, -118.2586669921875, -97.13897705078125, -235.25848388671875], [1.4091826543816617e+18, 0.0, -122.3388671875, -101.6387939453125, -246.11968994140625], [1.4091826544013455e+18, 0.0, -119.158935546875, -93.719482421875, -231.4788818359375], [1.4091826544415982e+18, 0.0, -103.7994384765625, -70.01953125, -182.21893310546875], [1.4091826544617702e+18, 0.0, -94.7998046875, -57.2998046875, -155.15899658203125], [1.4091826544820644e+18, 0.0, -85.43853759765625, -44.57855224609375, -127.8594970703125], [1.4091826545020534e+18, 0.0, -76.13983154296875, -31.19964599609375, -100.37994384765625], [1.4091826545221952e+18, 0.0, -67.0196533203125, -17.93975830078125, -72.83935546875], [1.4091826545423368e+18, 0.0, -57.958984375, -6.658935546875, -47.5189208984375], [1.4091826545625088e+18, 0.0, -52.61993408203125, -1.97906494140625, -34.4390869140625], [1.4091826545827116e+18, 0.0, -50.63934326171875, -0.53863525390625, -29.638671875], [1.4091826546027919e+18, 0.0, -50.0396728515625, 0.05950927734375, -27.65960693359375], [1.409182654622903e+18, 0.0, -49.798583984375, 0.299072265625, -26.458740234375], [1.4091826546429532e+18, 0.0, -49.6185302734375, 0.59967041015625, -25.49896240234375], [1.4091826546631864e+18, 0.0, -49.49951171875, 0.71868896484375, -24.83978271484375], [1.4091826546838162e+18, 0.0, -49.07989501953125, 1.019287109375, -24.05853271484375]], "onAccuracyChangedData": [[4134703099878, 0], [4140388129634, 1], [4144290586524, 0]], "version": "1.0.0", "calibrated": true, "systemInfo": {"Build.MODEL": "Nexus 4", "Build.VERSION.SDK_INT": 19, "Build.DEVICE": "mako", "screenResolution.X": 1196, "screenResolution.Y": 768, "Build.PRODUCT": "occam"}, "labels": [[1409182654199782144, 3]], "filename": "nexus4-pos-multi-cjr-1-32.json"}