{"magnetometer": [[1.409182631979572e+18, 0.0, -52.4993896484375, 2.2796630859375, -17.0989990234375], [1.4091826319996831e+18, 0.0, -52.61993408203125, 2.51922607421875, -16.97998046875], [1.4091826320197942e+18, 0.0, -52.61993408203125, 2.5787353515625, -17.03948974609375], [1.4091826320399662e+18, 0.0, -52.679443359375, 2.69927978515625, -16.97998046875], [1.409182632060108e+18, 0.0, -53.03955078125, 2.15911865234375, -18.05877685546875], [1.4091826320802191e+18, 0.0, -55.97991943359375, -0.6591796875, -24.95880126953125], [1.4091826321003912e+18, 0.0, -63.65966796875, -10.7391357421875, -45.89996337890625], [1.4091826321406438e+18, 0.0, -82.97882080078125, -33.83941650390625, -99.59869384765625], [1.4091826321608159e+18, 0.0, -93.359375, -45.65887451171875, -126.65863037109375], [1.4091826321809702e+18, 0.0, -104.278564453125, -57.659912109375, -153.839111328125], [1.4091826322010813e+18, 0.0, -116.03851318359375, -70.1385498046875, -180.8990478515625], [1.4091826322212534e+18, 0.0, -128.03955078125, -82.07855224609375, -205.79986572265625], [1.4091826322413949e+18, 0.0, -130.43975830078125, -80.3985595703125, -208.1390380859375], [1.4091826322817088e+18, 0.0, -113.1591796875, -58.01849365234375, -159.1796875], [1.4091826323018504e+18, 0.0, -103.13873291015625, -46.0784912109375, -131.57958984375], [1.4091826323219615e+18, 0.0, -92.69866943359375, -34.01947021484375, -103.7994384765625], [1.409182632342103e+18, 0.0, -81.5399169921875, -21.77886962890625, -75.95977783203125], [1.4091826323622141e+18, 0.0, -69.8394775390625, -9.05914306640625, -48.419189453125], [1.4091826323823862e+18, 0.0, -57.71942138671875, 3.839111328125, -21.7193603515625], [1.4091826324025582e+18, 0.0, -52.43988037109375, 5.57861328125, -11.51885986328125], [1.4091826324226388e+18, 0.0, -52.4993896484375, 5.69915771484375, -11.4593505859375], [1.4091826324428109e+18, 0.0, -52.43988037109375, 5.69915771484375, -11.4593505859375], [1.4091826324629524e+18, 0.0, -52.43988037109375, 5.69915771484375, -11.4593505859375], [1.4091826324830943e+18, 0.0, -52.43988037109375, 5.7586669921875, -11.4593505859375], [1.4091826325032358e+18, 0.0, -52.61993408203125, 6.05926513671875, -11.39984130859375], [1.4091826325234079e+18, 0.0, -52.3193359375, 6.05926513671875, -11.21978759765625], [1.409182632543519e+18, 0.0, -52.3193359375, 5.87921142578125, -11.15875244140625]], "onAccuracyChangedData": [[4134703099878, 0], [4140388129634, 1], [4144290586524, 0]], "version": "1.0.0", "calibrated": true, "systemInfo": {"Build.MODEL": "Nexus 4", "Build.VERSION.SDK_INT": 19, "Build.DEVICE": "mako", "screenResolution.X": 1196, "screenResolution.Y": 768, "Build.PRODUCT": "occam"}, "labels": [[1409182632060108032, 3]], "filename": "nexus4-pos-multi-cjr-1-10.json"}