{"magnetometer": [[1.4091826605630612e+18, 0.0, -38.57879638671875, 18.1793212890625, 19.49920654296875], [1.4091826605831724e+18, 0.0, -38.63983154296875, 18.11981201171875, 19.439697265625], [1.4091826606032835e+18, 0.0, -38.75885009765625, 17.999267578125, 19.31915283203125], [1.4091826606234555e+18, 0.0, -38.39874267578125, 18.29986572265625, 19.6197509765625], [1.4091826606435666e+18, 0.0, -36.358642578125, 19.1986083984375, 20.6390380859375], [1.4091826606674619e+18, 0.0, -31.2591552734375, 20.819091796875, 24.29962158203125], [1.4091826606840023e+18, 0.0, -22.13897705078125, 22.61962890625, 31.19964599609375], [1.409182660724255e+18, 0.0, 1.97906494140625, 28.49884033203125, 48.779296875], [1.4091826607443965e+18, 0.0, 14.03961181640625, 31.31866455078125, 57.7789306640625], [1.4091826607645381e+18, 0.0, 26.3397216796875, 34.31854248046875, 66.839599609375], [1.4091826607846799e+18, 0.0, 38.1591796875, 36.83929443359375, 75.23956298828125], [1.4091826608048215e+18, 0.0, 48.53973388671875, 38.87939453125, 82.7392578125], [1.4091826608249631e+18, 0.0, 55.43975830078125, 40.1397705078125, 87.5396728515625], [1.4091826608451046e+18, 0.0, 51.71966552734375, 36.8988037109375, 83.39996337890625], [1.4091826608652767e+18, 0.0, 38.09967041015625, 33.599853515625, 74.21875], [1.4091826608854182e+18, 0.0, 23.9990234375, 30.5389404296875, 64.61944580078125], [1.4091826609055601e+18, 0.0, 10.0189208984375, 27.3590087890625, 54.9591064453125], [1.4091826609256404e+18, 0.0, -4.07867431640625, 23.93951416015625, 45.4193115234375], [1.4091826609478267e+18, 0.0, -18.11981201171875, 20.69854736328125, 35.93902587890625], [1.4091826609679685e+18, 0.0, -32.09991455078125, 17.33856201171875, 26.6998291015625], [1.4091826609881101e+18, 0.0, -46.0784912109375, 14.03961181640625, 17.279052734375], [1.4091826610082516e+18, 0.0, -53.27911376953125, 15.11993408203125, 13.97857666015625], [1.4091826610288814e+18, 0.0, -53.27911376953125, 15.05889892578125, 14.09912109375], [1.4091826610485348e+18, 0.0, -53.399658203125, 14.8193359375, 13.97857666015625], [1.4091826610687068e+18, 0.0, -53.2196044921875, 14.8193359375, 13.85955810546875], [1.4091826610888179e+18, 0.0, -53.2196044921875, 14.87884521484375, 13.739013671875], [1.4091826611089597e+18, 0.0, -53.45916748046875, 14.93988037109375, 13.85955810546875], [1.4091826611292232e+18, 0.0, -53.5797119140625, 15.179443359375, 13.67950439453125]], "onAccuracyChangedData": [[4134703099878, 0], [4140388129634, 1], [4144290586524, 0]], "version": "1.0.0", "calibrated": true, "systemInfo": {"Build.MODEL": "Nexus 4", "Build.VERSION.SDK_INT": 19, "Build.DEVICE": "mako", "screenResolution.X": 1196, "screenResolution.Y": 768, "Build.PRODUCT": "occam"}, "labels": [[1409182660643566592, 5]], "filename": "nexus4-pos-multi-cjr-1-39.json"}