{"magnetometer": [[1.4091826364131994e+18, 0.0, -52.19879150390625, 11.8194580078125, -3.53851318359375], [1.4091826364333409e+18, 0.0, -52.3193359375, 11.99951171875, -3.3599853515625], [1.4091826364535437e+18, 0.0, -52.37884521484375, 12.23907470703125, -3.118896484375], [1.4091826364736243e+18, 0.0, -52.3193359375, 12.59918212890625, -2.9388427734375], [1.4091826364937659e+18, 0.0, -51.4190673828125, 12.77923583984375, -2.2186279296875], [1.4091826365138465e+18, 0.0, -48.9593505859375, 13.67950439453125, -0.71868896484375], [1.409182636534049e+18, 0.0, -43.2586669921875, 15.478515625, 2.7587890625], [1.4091826365546483e+18, 0.0, -33.1787109375, 18.23883056640625, 9.6588134765625], [1.409182636594474e+18, 0.0, -5.3985595703125, 24.83978271484375, 29.21905517578125], [1.4091826366146156e+18, 0.0, 8.69903564453125, 27.95867919921875, 39.17999267578125], [1.4091826366347571e+18, 0.0, 22.49908447265625, 30.8990478515625, 48.779296875], [1.4091826366550513e+18, 0.0, 35.5194091796875, 33.9599609375, 58.1390380859375], [1.4091826366750403e+18, 0.0, 46.91925048828125, 36.358642578125, 66.5985107421875], [1.4091826366951514e+18, 0.0, 55.499267578125, 38.03863525390625, 73.43902587890625], [1.4091826367153234e+18, 0.0, 59.09881591796875, 37.799072265625, 76.79901123046875], [1.409182636735465e+18, 0.0, 45.35980224609375, 34.19952392578125, 66.89910888671875], [1.4091826367556982e+18, 0.0, 31.2591552734375, 30.95855712890625, 57.1197509765625], [1.4091826367757788e+18, 0.0, 17.21954345703125, 27.77862548828125, 47.27935791015625], [1.4091826367958595e+18, 0.0, 3.118896484375, 24.41864013671875, 37.67852783203125], [1.4091826368159706e+18, 0.0, -10.79864501953125, 21.23870849609375, 27.77862548828125], [1.4091826368361731e+18, 0.0, -24.77874755859375, 17.999267578125, 17.999267578125], [1.4091826368567724e+18, 0.0, -39.11895751953125, 14.57977294921875, 7.61871337890625], [1.4091826368764562e+18, 0.0, -52.79998779296875, 12.1185302734375, -2.5787353515625], [1.409182636896598e+18, 0.0, -52.79998779296875, 12.05902099609375, -2.7587890625], [1.4091826369167396e+18, 0.0, -52.79998779296875, 11.99951171875, -2.69927978515625], [1.4091826369368812e+18, 0.0, -52.679443359375, 11.99951171875, -2.5787353515625], [1.4091826369571448e+18, 0.0, -52.4993896484375, 11.9384765625, -2.6397705078125], [1.4091826369771643e+18, 0.0, -52.43988037109375, 11.69891357421875, -2.69927978515625]], "onAccuracyChangedData": [[4134703099878, 0], [4140388129634, 1], [4144290586524, 0]], "version": "1.0.0", "calibrated": true, "systemInfo": {"Build.MODEL": "Nexus 4", "Build.VERSION.SDK_INT": 19, "Build.DEVICE": "mako", "screenResolution.X": 1196, "screenResolution.Y": 768, "Build.PRODUCT": "occam"}, "labels": [[1409182636493765888, 5]], "filename": "nexus4-pos-multi-cjr-1-13.json"}