{"magnetometer": [[1.4091826701110851e+18, 0.0, -47.2198486328125, 4.49981689453125, -2.099609375], [1.4091826701312266e+18, 0.0, -46.1395263671875, 4.91943359375, -0.77972412109375], [1.4091826701513377e+18, 0.0, -44.879150390625, 5.6396484375, 1.1993408203125], [1.4091826701715098e+18, 0.0, -43.07861328125, 6.77947998046875, 3.839111328125], [1.409182670191682e+18, 0.0, -40.4998779296875, 7.9193115234375, 7.379150390625], [1.4091826702118236e+18, 0.0, -37.55950927734375, 9.539794921875, 12.05902099609375], [1.4091826702319347e+18, 0.0, -33.29925537109375, 11.279296875, 17.75970458984375], [1.4091826702520458e+18, 0.0, -28.4393310546875, 13.37890625, 24.5391845703125], [1.4091826702722179e+18, 0.0, -22.61962890625, 15.59906005859375, 32.75909423828125], [1.4091826702923899e+18, 0.0, -15.3594970703125, 18.41888427734375, 43.438720703125], [1.4091826703125135e+18, 0.0, -5.15899658203125, 21.8994140625, 57.2998046875], [1.4091826703528271e+18, 0.0, 17.999267578125, 27.59857177734375, 88.739013671875], [1.4091826703729078e+18, 0.0, 28.67889404296875, 30.059814453125, 102.7191162109375], [1.4091826703930801e+18, 0.0, 37.9791259765625, 32.21893310546875, 115.31982421875], [1.4091826704131909e+18, 0.0, 46.319580078125, 34.01947021484375, 126.53961181640625], [1.4091826704333327e+18, 0.0, 53.338623046875, 35.21881103515625, 136.25946044921875], [1.4091826704534743e+18, 0.0, 58.4991455078125, 35.75897216796875, 143.0389404296875], [1.4091826704736768e+18, 0.0, 60.71929931640625, 35.57891845703125, 146.038818359375], [1.409182670493727e+18, 0.0, 60.2996826171875, 35.57891845703125, 145.79925537109375], [1.409182670513899e+18, 0.0, 60.05859375, 35.699462890625, 145.9197998046875], [1.4091826705340406e+18, 0.0, 58.8592529296875, 35.1593017578125, 144.95849609375], [1.4091826705541517e+18, 0.0, 54.2388916015625, 33.23974609375, 138.65966796875], [1.409182670574324e+18, 0.0, 46.0784912109375, 30.65948486328125, 127.19879150390625], [1.4091826705944655e+18, 0.0, 36.358642578125, 27.65960693359375, 112.9791259765625], [1.4091826706146071e+18, 0.0, 26.03912353515625, 24.29962158203125, 97.67913818359375], [1.4091826706347182e+18, 0.0, 14.9993896484375, 20.819091796875, 81.41937255859375], [1.4091826706549207e+18, 0.0, 4.0191650390625, 17.03948974609375, 64.79949951171875], [1.4091826706750318e+18, 0.0, -7.01904296875, 13.37890625, 47.81951904296875]], "onAccuracyChangedData": [[4134703099878, 0], [4140388129634, 1], [4144290586524, 0]], "version": "1.0.0", "calibrated": true, "systemInfo": {"Build.MODEL": "Nexus 4", "Build.VERSION.SDK_INT": 19, "Build.DEVICE": "mako", "screenResolution.X": 1196, "screenResolution.Y": 768, "Build.PRODUCT": "occam"}, "labels": [[1409182670191682048, 2]], "filename": "nexus4-pos-multi-cjr-1-50.json"}