{"magnetometer": [[1.4091826357281943e+18, 0.0, -49.6185302734375, 10.919189453125, -3.71856689453125], [1.4091826357485192e+18, 0.0, -49.6795654296875, 10.7391357421875, -3.71856689453125], [1.4091826357685082e+18, 0.0, -49.91912841796875, 10.79864501953125, -3.95965576171875], [1.4091826357886497e+18, 0.0, -50.579833984375, 10.31951904296875, -4.559326171875], [1.4091826358087913e+18, 0.0, -53.338623046875, 8.9996337890625, -7.7392578125], [1.4091826358289329e+18, 0.0, -59.5794677734375, 5.8197021484375, -14.87884521484375], [1.4091826358491661e+18, 0.0, -75.05950927734375, -3.71856689453125, -30.718994140625], [1.4091826358893576e+18, 0.0, -126.89971923828125, -34.31854248046875, -77.459716796875], [1.4091826359094382e+18, 0.0, -153.839111328125, -49.139404296875, -100.738525390625], [1.4091826359297882e+18, 0.0, -180.83953857421875, -64.07928466796875, -123.47869873046875], [1.4091826359504179e+18, 0.0, -207.23876953125, -78.6590576171875, -145.318603515625], [1.4091826359700713e+18, 0.0, -231.658935546875, -92.279052734375, -164.03961181640625], [1.4091826359902129e+18, 0.0, -252.239990234375, -104.03900146484375, -177.65960693359375], [1.4091826360103544e+18, 0.0, -260.33935546875, -105.419921875, -177.41851806640625], [1.4091826360507599e+18, 0.0, -215.81878662109375, -74.7589111328125, -134.759521484375], [1.4091826360707794e+18, 0.0, -189.7796630859375, -60.11962890625, -112.01934814453125], [1.409182636090921e+18, 0.0, -163.1988525390625, -45.4193115234375, -89.39971923828125], [1.409182636111093e+18, 0.0, -136.55853271484375, -30.47943115234375, -67.138671875], [1.4091826361312653e+18, 0.0, -110.09979248046875, -15.6585693359375, -45.47882080078125], [1.4091826361514373e+18, 0.0, -83.6395263671875, -0.71868896484375, -25.01983642578125], [1.4091826361714872e+18, 0.0, -60.77880859375, 10.31951904296875, -9.41925048828125], [1.4091826361916291e+18, 0.0, -54.65850830078125, 9.8388671875, -5.938720703125], [1.4091826362117094e+18, 0.0, -54.35943603515625, 10.0189208984375, -5.4595947265625], [1.4091826362319122e+18, 0.0, -53.9398193359375, 10.25848388671875, -4.85992431640625], [1.4091826362525115e+18, 0.0, -53.8787841796875, 10.43853759765625, -4.85992431640625], [1.4091826362721953e+18, 0.0, -53.69873046875, 10.67962646484375, -4.67987060546875], [1.4091826362923369e+18, 0.0, -53.399658203125, 10.79864501953125, -4.67987060546875]], "onAccuracyChangedData": [[4134703099878, 0], [4140388129634, 1], [4144290586524, 0]], "version": "1.0.0", "calibrated": true, "systemInfo": {"Build.MODEL": "Nexus 4", "Build.VERSION.SDK_INT": 19, "Build.DEVICE": "mako", "screenResolution.X": 1196, "screenResolution.Y": 768, "Build.PRODUCT": "occam"}, "labels": [[1409182635808791296, 4]], "filename": "nexus4-pos-multi-cjr-1-12.json"}