{"magnetometer": [[1.4091826372390052e+18, 0.0, -51.89971923828125, 12.95928955078125, -2.099609375], [1.4091826372592689e+18, 0.0, -52.07977294921875, 12.8387451171875, -2.2186279296875], [1.4091826372792883e+18, 0.0, -51.7791748046875, 12.65869140625, -2.33917236328125], [1.4091826372994299e+18, 0.0, -51.53961181640625, 12.8387451171875, -2.33917236328125], [1.409182637319541e+18, 0.0, -50.99945068359375, 13.018798828125, -2.5787353515625], [1.4091826373396826e+18, 0.0, -50.0396728515625, 13.079833984375, -2.6397705078125], [1.409182637360063e+18, 0.0, -47.8790283203125, 13.67950439453125, -2.33917236328125], [1.4091826373801129e+18, 0.0, -43.438720703125, 14.93988037109375, -0.8392333984375], [1.4091826374001935e+18, 0.0, -33.47930908203125, 17.57965087890625, 5.03997802734375], [1.4091826374405379e+18, 0.0, -7.31964111328125, 23.4588623046875, 22.0794677734375], [1.4091826374611372e+18, 0.0, 5.4595947265625, 26.2786865234375, 30.5389404296875], [1.409182637480821e+18, 0.0, 17.999267578125, 29.0985107421875, 39.239501953125], [1.4091826375009626e+18, 0.0, 30.1788330078125, 31.73980712890625, 47.698974609375], [1.4091826375211041e+18, 0.0, 41.21856689453125, 34.01947021484375, 55.97991943359375], [1.4091826375412152e+18, 0.0, 50.15869140625, 35.45989990234375, 62.939453125], [1.4091826375615401e+18, 0.0, 52.3193359375, 34.4390869140625, 64.1998291015625], [1.4091826375817731e+18, 0.0, 39.65911865234375, 31.49871826171875, 55.91888427734375], [1.4091826376018232e+18, 0.0, 26.81884765625, 28.55987548828125, 47.39990234375], [1.4091826376218122e+18, 0.0, 14.21966552734375, 25.49896240234375, 39.0594482421875], [1.4091826376419538e+18, 0.0, 1.43890380859375, 22.31903076171875, 30.65948486328125], [1.4091826376621565e+18, 0.0, -11.4593505859375, 19.1986083984375, 22.259521484375], [1.4091826376822369e+18, 0.0, -24.359130859375, 16.13922119140625, 13.9190673828125], [1.4091826377023785e+18, 0.0, -37.37945556640625, 13.13934326171875, 5.51910400390625], [1.4091826377224591e+18, 0.0, -49.37896728515625, 11.15875244140625, -1.25885009765625], [1.4091826377426312e+18, 0.0, -49.49951171875, 11.0992431640625, -1.31988525390625], [1.4091826377632916e+18, 0.0, -49.55902099609375, 11.0992431640625, -1.07879638671875], [1.409182637782945e+18, 0.0, -49.37896728515625, 11.0992431640625, -1.07879638671875], [1.4091826378030866e+18, 0.0, -49.19891357421875, 11.279296875, -1.07879638671875]], "onAccuracyChangedData": [[4134703099878, 0], [4140388129634, 1], [4144290586524, 0]], "version": "1.0.0", "calibrated": true, "systemInfo": {"Build.MODEL": "Nexus 4", "Build.VERSION.SDK_INT": 19, "Build.DEVICE": "mako", "screenResolution.X": 1196, "screenResolution.Y": 768, "Build.PRODUCT": "occam"}, "labels": [[1409182637319540992, 5]], "filename": "nexus4-pos-multi-cjr-1-14.json"}