{"magnetometer": [[1.4091826287564065e+18, 0.0, -41.27960205078125, 11.4593505859375, -1.67999267578125], [1.4091826287765786e+18, 0.0, -41.21856689453125, 11.279296875, -1.67999267578125], [1.4091826287966592e+18, 0.0, -41.09954833984375, 11.21978759765625, -1.37939453125], [1.4091826288168312e+18, 0.0, -41.03851318359375, 11.69891357421875, -0.4791259765625], [1.4091826288369728e+18, 0.0, -40.37933349609375, 12.59918212890625, 1.79901123046875], [1.4091826288570839e+18, 0.0, -38.519287109375, 14.33868408203125, 6.8389892578125], [1.4091826288772867e+18, 0.0, -33.65936279296875, 16.97998046875, 16.7388916015625], [1.4091826289175393e+18, 0.0, -11.9384765625, 24.23858642578125, 52.679443359375], [1.4091826289376809e+18, 0.0, -1.019287109375, 27.65960693359375, 70.5596923828125], [1.4091826289579141e+18, 0.0, 9.95941162109375, 30.83953857421875, 88.1988525390625], [1.409182628977964e+18, 0.0, 20.93963623046875, 33.83941650390625, 105.29937744140625], [1.4091826289981361e+18, 0.0, 31.439208984375, 36.47918701171875, 120.95947265625], [1.4091826290182167e+18, 0.0, 40.8599853515625, 38.1591796875, 133.97979736328125], [1.409182629038389e+18, 0.0, 47.09930419921875, 38.6993408203125, 142.07916259765625], [1.4091826290585306e+18, 0.0, 47.75848388671875, 37.85858154296875, 142.6788330078125], [1.4091826290786721e+18, 0.0, 40.2587890625, 32.03887939453125, 130.13916015625], [1.4091826290988442e+18, 0.0, 28.67889404296875, 28.37982177734375, 111.47918701171875], [1.4091826291189553e+18, 0.0, 16.9189453125, 24.83978271484375, 92.63916015625], [1.4091826291390968e+18, 0.0, 5.03997802734375, 20.87860107421875, 73.79913330078125], [1.4091826291592384e+18, 0.0, -6.8389892578125, 17.03948974609375, 55.07965087890625], [1.4091826291794107e+18, 0.0, -18.77899169921875, 13.13934326171875, 36.0595703125], [1.4091826291995523e+18, 0.0, -30.5389404296875, 9.23919677734375, 17.279052734375], [1.4091826292196634e+18, 0.0, -42.41943359375, 5.57861328125, -1.5594482421875], [1.4091826292398049e+18, 0.0, -46.7987060546875, 7.85980224609375, -7.9193115234375], [1.409182629259977e+18, 0.0, -46.91925048828125, 7.5592041015625, -7.9193115234375], [1.4091826292800881e+18, 0.0, -46.91925048828125, 7.31964111328125, -7.9193115234375], [1.4091826293002296e+18, 0.0, -46.73919677734375, 7.5592041015625, -7.79876708984375], [1.4091826293203712e+18, 0.0, -46.7987060546875, 7.5592041015625, -7.85980224609375]], "onAccuracyChangedData": [[4134703099878, 0], [4140388129634, 1], [4144290586524, 0]], "version": "1.0.0", "calibrated": true, "systemInfo": {"Build.MODEL": "Nexus 4", "Build.VERSION.SDK_INT": 19, "Build.DEVICE": "mako", "screenResolution.X": 1196, "screenResolution.Y": 768, "Build.PRODUCT": "occam"}, "labels": [[1409182628836972800, 2]], "filename": "nexus4-pos-multi-cjr-1-07.json"}