{"magnetometer": [[1.4091826558896965e+18, 0.0, -50.2197265625, 2.87933349609375, -14.75982666015625], [1.4091826559098381e+18, 0.0, -49.91912841796875, 2.7587890625, -14.459228515625], [1.4091826559299492e+18, 0.0, -49.6795654296875, 3.118896484375, -13.97857666015625], [1.4091826559500908e+18, 0.0, -49.6185302734375, 3.47900390625, -13.9190673828125], [1.4091826559702326e+18, 0.0, -51.35955810546875, 1.61895751953125, -17.279052734375], [1.4091826559903741e+18, 0.0, -57.53936767578125, -5.3985595703125, -31.67877197265625], [1.4091826560306877e+18, 0.0, -77.459716796875, -30.1788330078125, -86.39984130859375], [1.4091826560507988e+18, 0.0, -87.5396728515625, -42.9595947265625, -113.81988525390625], [1.4091826560709709e+18, 0.0, -97.4395751953125, -55.499267578125, -141.2994384765625], [1.4091826560911127e+18, 0.0, -107.3394775390625, -68.3990478515625, -168.8995361328125], [1.4091826561112238e+18, 0.0, -117.17987060546875, -81.35986328125, -196.37908935546875], [1.4091826561313654e+18, 0.0, -125.3387451171875, -92.279052734375, -219.8394775390625], [1.4091826561515983e+18, 0.0, -127.61993408203125, -92.57965087890625, -224.15924072265625], [1.4091826561917901e+18, 0.0, -112.85858154296875, -70.07904052734375, -178.0792236328125], [1.4091826562119621e+18, 0.0, -103.55987548828125, -57.598876953125, -151.79901123046875], [1.4091826562321039e+18, 0.0, -94.2596435546875, -45.2392578125, -125.15869140625], [1.4091826562522148e+18, 0.0, -84.77935791015625, -32.75909423828125, -98.1597900390625], [1.4091826562723871e+18, 0.0, -75.23956298828125, -20.159912109375, -70.97930908203125], [1.4091826562925286e+18, 0.0, -65.5792236328125, -7.43865966796875, -44.27947998046875], [1.4091826563127007e+18, 0.0, -57.2998046875, -0.1190185546875, -25.6195068359375], [1.4091826563328118e+18, 0.0, -53.8787841796875, 1.79901123046875, -19.07958984375], [1.4091826563529841e+18, 0.0, -52.8594970703125, 2.099609375, -17.33856201171875], [1.4091826563731256e+18, 0.0, -52.3193359375, 2.2796630859375, -16.31927490234375], [1.4091826563932672e+18, 0.0, -51.89971923828125, 2.398681640625, -15.478515625], [1.4091826564133783e+18, 0.0, -51.7791748046875, 2.6397705078125, -15.23895263671875], [1.4091826564335199e+18, 0.0, -51.65863037109375, 2.9388427734375, -14.93988037109375], [1.409182656453631e+18, 0.0, -51.53961181640625, 3.05938720703125, -14.6392822265625]], "onAccuracyChangedData": [[4134703099878, 0], [4140388129634, 1], [4144290586524, 0]], "version": "1.0.0", "calibrated": true, "systemInfo": {"Build.MODEL": "Nexus 4", "Build.VERSION.SDK_INT": 19, "Build.DEVICE": "mako", "screenResolution.X": 1196, "screenResolution.Y": 768, "Build.PRODUCT": "occam"}, "labels": [[1409182655970232576, 3]], "filename": "nexus4-pos-multi-cjr-1-34.json"}