{"magnetometer": [[1.4091826224915758e+18, 0.0, -50.27923583984375, 2.2796630859375, -17.75970458984375], [1.4091826225117174e+18, 0.0, -50.2197265625, 2.2186279296875, -18.11981201171875], [1.4091826225318897e+18, 0.0, -50.09918212890625, 1.9195556640625, -18.1793212890625], [1.4091826225520008e+18, 0.0, -50.27923583984375, 1.67999267578125, -18.359375], [1.4091826225721728e+18, 0.0, -50.27923583984375, 1.61895751953125, -18.77899169921875], [1.4091826225923144e+18, 0.0, -53.8787841796875, -0.05950927734375, -21.83990478515625], [1.4091826226124864e+18, 0.0, -69.05975341796875, -8.819580078125, -34.0789794921875], [1.4091826226527393e+18, 0.0, -119.93865966796875, -34.7991943359375, -71.33941650390625], [1.4091826226728809e+18, 0.0, -145.79925537109375, -47.45941162109375, -90.838623046875], [1.409182622692992e+18, 0.0, -171.83990478515625, -60.11962890625, -110.45989990234375], [1.4091826227131336e+18, 0.0, -197.5189208984375, -73.13995361328125, -129.4189453125], [1.4091826227333361e+18, 0.0, -222.77984619140625, -85.198974609375, -146.51947021484375], [1.4091826227534167e+18, 0.0, -243.23883056640625, -93.47991943359375, -156.4788818359375], [1.4091826227735583e+18, 0.0, -248.8800048828125, -92.75970458984375, -153.71856689453125], [1.409182622793761e+18, 0.0, -238.85955810546875, -84.539794921875, -141.4794921875], [1.4091826228139026e+18, 0.0, -223.07891845703125, -74.0997314453125, -126.0589599609375], [1.4091826228541553e+18, 0.0, -174.77874755859375, -48.11859130859375, -89.15863037109375], [1.4091826228742664e+18, 0.0, -149.578857421875, -34.91973876953125, -70.79925537109375], [1.4091826228944079e+18, 0.0, -124.859619140625, -22.3785400390625, -54.119873046875], [1.4091826229146104e+18, 0.0, -101.6387939453125, -12.1795654296875, -41.69921875], [1.4091826229347215e+18, 0.0, -81.719970703125, -4.19921875, -32.75909423828125], [1.4091826229548631e+18, 0.0, -67.3187255859375, 0.6591796875, -27.239990234375], [1.4091826229750049e+18, 0.0, -58.01849365234375, 3.118896484375, -24.1790771484375], [1.4091826229951465e+18, 0.0, -56.15997314453125, 2.9388427734375, -23.0987548828125], [1.4091826230152576e+18, 0.0, -56.09893798828125, 2.7587890625, -22.67913818359375], [1.4091826230354296e+18, 0.0, -56.0394287109375, 2.6397705078125, -22.259521484375], [1.4091826230555712e+18, 0.0, -55.91888427734375, 2.33917236328125, -21.95892333984375]], "onAccuracyChangedData": [[4134703099878, 0], [4140388129634, 1], [4144290586524, 0]], "version": "1.0.0", "calibrated": true, "systemInfo": {"Build.MODEL": "Nexus 4", "Build.VERSION.SDK_INT": 19, "Build.DEVICE": "mako", "screenResolution.X": 1196, "screenResolution.Y": 768, "Build.PRODUCT": "occam"}, "labels": [[1409182622572172800, 4]], "filename": "nexus4-pos-multi-cjr-1-02.json"}