{"magnetometer": [[1.4091826463236421e+18, 0.0, -52.25982666015625, -0.299072265625, -23.39935302734375], [1.4091826463436311e+18, 0.0, -51.89971923828125, -0.05950927734375, -22.259521484375], [1.4091826463637727e+18, 0.0, -51.47857666015625, 0.299072265625, -21.05865478515625], [1.4091826463839142e+18, 0.0, -51.4190673828125, 0.6591796875, -19.7998046875], [1.4091826464040863e+18, 0.0, -53.81927490234375, -0.299072265625, -20.458984375], [1.409182646424289e+18, 0.0, -61.4990234375, -4.49981689453125, -26.2786865234375], [1.4091826464443389e+18, 0.0, -78.41949462890625, -14.57977294921875, -39.47906494140625], [1.4091826464845612e+18, 0.0, -129.17938232421875, -43.6187744140625, -77.51922607421875], [1.4091826465047639e+18, 0.0, -155.15899658203125, -57.958984375, -97.61962890625], [1.4091826465253937e+18, 0.0, -181.0791015625, -72.59979248046875, -117.779541015625], [1.4091826465449861e+18, 0.0, -206.878662109375, -87.359619140625, -137.81890869140625], [1.4091826465651581e+18, 0.0, -230.218505859375, -100.85906982421875, -155.7586669921875], [1.4091826465853302e+18, 0.0, -247.979736328125, -111.0595703125, -167.999267578125], [1.4091826466054717e+18, 0.0, -255.5999755859375, -113.63983154296875, -169.9798583984375], [1.4091826466257661e+18, 0.0, -251.9989013671875, -108.11920166015625, -161.51885986328125], [1.4091826466658967e+18, 0.0, -200.93994140625, -76.25885009765625, -123.5992431640625], [1.4091826466860383e+18, 0.0, -173.638916015625, -60.89935302734375, -103.37982177734375], [1.4091826467061798e+18, 0.0, -146.2188720703125, -45.4193115234375, -83.099365234375], [1.4091826467263826e+18, 0.0, -118.91937255859375, -29.93927001953125, -63.05999755859375], [1.409182646746463e+18, 0.0, -91.85943603515625, -14.8193359375, -43.6798095703125], [1.4091826467666045e+18, 0.0, -65.69976806640625, -1.31988525390625, -26.9989013671875], [1.4091826467866547e+18, 0.0, -42.47894287109375, 8.51898193359375, -16.0797119140625], [1.4091826468068879e+18, 0.0, -39.239501953125, 7.07855224609375, -14.33868408203125], [1.4091826468274568e+18, 0.0, -39.0594482421875, 7.13958740234375, -14.21966552734375], [1.4091826468449738e+18, 0.0, -38.87939453125, 6.95953369140625, -13.85955810546875], [1.4091826468651459e+18, 0.0, -38.75885009765625, 6.8389892578125, -13.6199951171875], [1.4091826468852874e+18, 0.0, -38.75885009765625, 6.59942626953125, -13.43994140625]], "onAccuracyChangedData": [[4134703099878, 0], [4140388129634, 1], [4144290586524, 0]], "version": "1.0.0", "calibrated": true, "systemInfo": {"Build.MODEL": "Nexus 4", "Build.VERSION.SDK_INT": 19, "Build.DEVICE": "mako", "screenResolution.X": 1196, "screenResolution.Y": 768, "Build.PRODUCT": "occam"}, "labels": [[1409182646404086272, 4]], "filename": "nexus4-pos-multi-cjr-1-24.json"}