{"magnetometer": [[1.4091826530717724e+18, 0.0, -52.01873779296875, -14.03961181640625, -35.33935546875], [1.4091826530918223e+18, 0.0, -51.83868408203125, -13.739013671875, -35.27984619140625], [1.4091826531119946e+18, 0.0, -51.7791748046875, -13.739013671875, -35.45989990234375], [1.4091826531320753e+18, 0.0, -51.959228515625, -13.85955810546875, -35.8795166015625], [1.4091826531522778e+18, 0.0, -54.2999267578125, -15.899658203125, -39.959716796875], [1.4091826531728466e+18, 0.0, -61.37847900390625, -23.8189697265625, -54.2999267578125], [1.4091826532126415e+18, 0.0, -86.8194580078125, -53.759765625, -111.358642578125], [1.4091826532328136e+18, 0.0, -99.8992919921875, -68.81866455078125, -140.27862548828125], [1.4091826532529551e+18, 0.0, -113.63983154296875, -83.9385986328125, -169.439697265625], [1.4091826532732188e+18, 0.0, -127.73895263671875, -99.359130859375, -198.29864501953125], [1.4091826532932385e+18, 0.0, -142.25921630859375, -114.65911865234375, -226.37939453125], [1.4091826533133801e+18, 0.0, -153.23944091796875, -123.89984130859375, -244.9188232421875], [1.4091826533538045e+18, 0.0, -132.659912109375, -97.85919189453125, -200.15869140625], [1.4091826533740375e+18, 0.0, -119.27947998046875, -81.658935546875, -170.39947509765625], [1.4091826533941181e+18, 0.0, -105.718994140625, -65.15960693359375, -140.399169921875], [1.4091826534142597e+18, 0.0, -91.49932861328125, -49.01885986328125, -110.03875732421875], [1.4091826534343404e+18, 0.0, -76.5594482421875, -32.21893310546875, -79.85992431640625], [1.4091826534545428e+18, 0.0, -61.37847900390625, -15.3594970703125, -49.9786376953125], [1.4091826534751424e+18, 0.0, -47.39990234375, -2.81982421875, -26.03912353515625], [1.4091826534948262e+18, 0.0, -47.09930419921875, -2.9998779296875, -25.439453125], [1.4091826535149373e+18, 0.0, -46.7987060546875, -3.118896484375, -25.2593994140625], [1.4091826535350789e+18, 0.0, -46.6796875, -3.179931640625, -24.8992919921875], [1.4091826535552509e+18, 0.0, -46.55914306640625, -3.41949462890625, -24.41864013671875], [1.4091826535755451e+18, 0.0, -46.19903564453125, -3.3599853515625, -23.9990234375], [1.4091826535955036e+18, 0.0, -46.19903564453125, -3.41949462890625, -23.699951171875], [1.4091826536156756e+18, 0.0, -45.83892822265625, -3.41949462890625, -23.57940673828125], [1.4091826536358175e+18, 0.0, -45.71990966796875, -3.47900390625, -23.4588623046875]], "onAccuracyChangedData": [[4134703099878, 0], [4140388129634, 1], [4144290586524, 0]], "version": "1.0.0", "calibrated": true, "systemInfo": {"Build.MODEL": "Nexus 4", "Build.VERSION.SDK_INT": 19, "Build.DEVICE": "mako", "screenResolution.X": 1196, "screenResolution.Y": 768, "Build.PRODUCT": "occam"}, "labels": [[1409182653152277760, 3]], "filename": "nexus4-pos-multi-cjr-1-31.json"}