{"magnetometer": [[1.4091826692850406e+18, 0.0, -55.499267578125, 3.2989501953125, -10.97869873046875], [1.4091826693052127e+18, 0.0, -55.61981201171875, 3.41949462890625, -11.0992431640625], [1.409182669325385e+18, 0.0, -56.0394287109375, 3.23944091796875, -11.33880615234375], [1.4091826693454961e+18, 0.0, -56.99920654296875, 2.7587890625, -12.1185302734375], [1.4091826693656376e+18, 0.0, -59.51995849609375, 1.8585205078125, -13.9190673828125], [1.4091826693857792e+18, 0.0, -65.5792236328125, -1.31988525390625, -18.65997314453125], [1.4091826694059208e+18, 0.0, -80.0994873046875, -9.59930419921875, -29.278564453125], [1.4091826694462344e+18, 0.0, -128.759765625, -35.63995361328125, -61.43951416015625], [1.4091826694663455e+18, 0.0, -153.23944091796875, -49.01885986328125, -78.05938720703125], [1.4091826694864566e+18, 0.0, -177.5390625, -62.09869384765625, -95.03936767578125], [1.4091826695066593e+18, 0.0, -201.53961181640625, -74.93896484375, -111.5997314453125], [1.4091826695268009e+18, 0.0, -224.0386962890625, -87.1185302734375, -126.65863037109375], [1.4091826695469425e+18, 0.0, -242.15850830078125, -96.65985107421875, -137.33978271484375], [1.4091826695670536e+18, 0.0, -249.8992919921875, -98.87847900390625, -138.299560546875], [1.4091826695871951e+18, 0.0, -242.33856201171875, -91.259765625, -127.79998779296875], [1.4091826696073367e+18, 0.0, -226.31988525390625, -80.218505859375, -112.19940185546875], [1.4091826696476201e+18, 0.0, -177.239990234375, -54.4189453125, -78.59954833984375], [1.4091826696677921e+18, 0.0, -151.97906494140625, -41.45965576171875, -61.3189697265625], [1.4091826696878728e+18, 0.0, -126.53961181640625, -28.55987548828125, -44.0399169921875], [1.4091826697080143e+18, 0.0, -101.75933837890625, -16.13922119140625, -27.899169921875], [1.4091826697282168e+18, 0.0, -78.59954833984375, -5.938720703125, -15.6585693359375], [1.4091826697484196e+18, 0.0, -61.25946044921875, -0.71868896484375, -9.41925048828125], [1.4091826697684695e+18, 0.0, -52.1392822265625, 1.07879638671875, -8.099365234375], [1.4091826697886113e+18, 0.0, -51.239013671875, 1.43890380859375, -7.01904296875], [1.4091826698087529e+18, 0.0, -50.63934326171875, 1.49993896484375, -6.23931884765625], [1.409182669828864e+18, 0.0, -50.09918212890625, 1.67999267578125, -5.6396484375], [1.4091826698492137e+18, 0.0, -49.9786376953125, 1.8585205078125, -5.15899658203125]], "onAccuracyChangedData": [[4134703099878, 0], [4140388129634, 1], [4144290586524, 0]], "version": "1.0.0", "calibrated": true, "systemInfo": {"Build.MODEL": "Nexus 4", "Build.VERSION.SDK_INT": 19, "Build.DEVICE": "mako", "screenResolution.X": 1196, "screenResolution.Y": 768, "Build.PRODUCT": "occam"}, "labels": [[1409182669365637632, 4]], "filename": "nexus4-pos-multi-cjr-1-49.json"}