{"magnetometer": [[1.4091826492424428e+18, 0.0, -40.97900390625, 2.51922607421875, -15.59906005859375], [1.4091826492625843e+18, 0.0, -41.339111328125, 2.15911865234375, -16.259765625], [1.4091826492826954e+18, 0.0, -41.339111328125, 2.099609375, -16.619873046875], [1.4091826493028372e+18, 0.0, -41.1590576171875, 2.2186279296875, -16.49932861328125], [1.4091826493230093e+18, 0.0, -40.8599853515625, 2.459716796875, -15.53955078125], [1.4091826493431508e+18, 0.0, -40.4388427734375, 2.81982421875, -14.09912109375], [1.409182649363262e+18, 0.0, -39.3585205078125, 3.839111328125, -11.0992431640625], [1.409182649383434e+18, 0.0, -37.5, 5.33905029296875, -5.87921142578125], [1.4091826494035756e+18, 0.0, -34.37957763671875, 7.49969482421875, 1.739501953125], [1.4091826494237174e+18, 0.0, -27.83966064453125, 10.97869873046875, 14.33868408203125], [1.4091826494438589e+18, 0.0, -16.7999267578125, 15.05889892578125, 32.45849609375], [1.40918264946397e+18, 0.0, -5.69915771484375, 18.8385009765625, 50.99945068359375], [1.4091826494841116e+18, 0.0, 5.6396484375, 22.49908447265625, 68.87969970703125], [1.4091826495043141e+18, 0.0, 16.558837890625, 26.03912353515625, 85.919189453125], [1.4091826495244252e+18, 0.0, 26.93939208984375, 28.85894775390625, 101.0986328125], [1.4091826495445363e+18, 0.0, 35.99853515625, 30.8990478515625, 114.11895751953125], [1.4091826495646779e+18, 0.0, 43.499755859375, 32.39898681640625, 124.49951171875], [1.4091826495848502e+18, 0.0, 47.5189208984375, 32.93914794921875, 130.07965087890625], [1.409182649604961e+18, 0.0, 46.91925048828125, 32.39898681640625, 130.13916015625], [1.4091826496251638e+18, 0.0, 44.6990966796875, 31.0791015625, 127.3193359375], [1.4091826496453053e+18, 0.0, 37.3199462890625, 27.95867919921875, 116.99981689453125], [1.409182649665386e+18, 0.0, 26.81884765625, 23.8189697265625, 100.31890869140625], [1.4091826496855276e+18, 0.0, 16.0797119140625, 19.7998046875, 83.33892822265625], [1.4091826497056996e+18, 0.0, 5.8197021484375, 16.259765625, 66.53900146484375], [1.4091826497258412e+18, 0.0, -4.25872802734375, 12.23907470703125, 49.6795654296875], [1.4091826497460134e+18, 0.0, -14.09912109375, 7.97882080078125, 32.818603515625], [1.4091826497661855e+18, 0.0, -23.8189697265625, 3.95965576171875, 15.838623046875], [1.4091826497862661e+18, 0.0, -32.09991455078125, 1.07879638671875, 1.25885009765625], [1.4091826498064993e+18, 0.0, -35.699462890625, 0.0, -6.05926513671875]], "onAccuracyChangedData": [[4134703099878, 0], [4140388129634, 1], [4144290586524, 0]], "version": "1.0.0", "calibrated": true, "systemInfo": {"Build.MODEL": "Nexus 4", "Build.VERSION.SDK_INT": 19, "Build.DEVICE": "mako", "screenResolution.X": 1196, "screenResolution.Y": 768, "Build.PRODUCT": "occam"}, "labels": [[1409182649323009280, 2]], "filename": "nexus4-pos-multi-cjr-1-27.json"}