{"magnetometer": [[1.4091826474291412e+18, 0.0, -38.21868896484375, 7.49969482421875, -10.13946533203125], [1.4091826474492828e+18, 0.0, -38.63983154296875, 7.43865966796875, -10.61859130859375], [1.4091826474693939e+18, 0.0, -39.4195556640625, 7.379150390625, -11.21978759765625], [1.4091826474895355e+18, 0.0, -40.55938720703125, 6.95953369140625, -12.4786376953125], [1.4091826475097078e+18, 0.0, -43.1396484375, 5.8197021484375, -14.87884521484375], [1.4091826475298189e+18, 0.0, -48.83880615234375, 2.5787353515625, -21.3592529296875], [1.4091826475500214e+18, 0.0, -66.41998291015625, -9.8388671875, -40.31982421875], [1.409182647590274e+18, 0.0, -117.53997802734375, -42.8985595703125, -91.31927490234375], [1.4091826476103852e+18, 0.0, -142.97943115234375, -59.09881591796875, -116.69921875], [1.4091826476305572e+18, 0.0, -168.359375, -75.53863525390625, -141.9586181640625], [1.4091826476506683e+18, 0.0, -193.1396484375, -91.7999267578125, -166.31927490234375], [1.4091826476708099e+18, 0.0, -216.778564453125, -107.3394775390625, -188.87939453125], [1.4091826476910431e+18, 0.0, -237.05902099609375, -120.2392578125, -206.45904541015625], [1.4091826477111237e+18, 0.0, -240.478515625, -118.438720703125, -204.779052734375], [1.4091826477514068e+18, 0.0, -197.3388671875, -85.49957275390625, -159.77935791015625], [1.4091826477715789e+18, 0.0, -173.8189697265625, -69.4793701171875, -135.5987548828125], [1.4091826477916595e+18, 0.0, -150.17852783203125, -53.338623046875, -111.419677734375], [1.4091826478118318e+18, 0.0, -126.59912109375, -36.83929443359375, -87.41912841796875], [1.4091826478319734e+18, 0.0, -102.77862548828125, -20.51849365234375, -63.8397216796875], [1.4091826478521149e+18, 0.0, -79.13970947265625, -4.67987060546875, -41.27960205078125], [1.409182647872226e+18, 0.0, -60.35919189453125, 5.6396484375, -25.2593994140625], [1.4091826478924285e+18, 0.0, -56.57958984375, 5.218505859375, -22.198486328125], [1.4091826479125701e+18, 0.0, -56.57958984375, 5.4595947265625, -21.83990478515625], [1.4091826479326812e+18, 0.0, -56.45904541015625, 5.218505859375, -21.7193603515625], [1.4091826479528228e+18, 0.0, -56.3995361328125, 5.279541015625, -21.17919921875], [1.4091826479729646e+18, 0.0, -56.45904541015625, 5.0994873046875, -20.9991455078125], [1.4091826479931366e+18, 0.0, -56.5185546875, 5.15899658203125, -20.87860107421875]], "onAccuracyChangedData": [[4134703099878, 0], [4140388129634, 1], [4144290586524, 0]], "version": "1.0.0", "calibrated": true, "systemInfo": {"Build.MODEL": "Nexus 4", "Build.VERSION.SDK_INT": 19, "Build.DEVICE": "mako", "screenResolution.X": 1196, "screenResolution.Y": 768, "Build.PRODUCT": "occam"}, "labels": [[1409182647509707776, 4]], "filename": "nexus4-pos-multi-cjr-1-25.json"}