{"magnetometer": [[1.4091826246471017e+18, 0.0, -55.19866943359375, 6.1798095703125, -6.23931884765625], [1.4091826246672433e+18, 0.0, -55.07965087890625, 6.5399169921875, -6.23931884765625], [1.4091826246873848e+18, 0.0, -55.07965087890625, 6.59942626953125, -6.298828125], [1.4091826247074959e+18, 0.0, -54.83856201171875, 6.719970703125, -6.4788818359375], [1.4091826247276984e+18, 0.0, -55.61981201171875, 6.5399169921875, -7.25860595703125], [1.40918262474784e+18, 0.0, -58.25958251953125, 5.4595947265625, -9.89990234375], [1.4091826247679206e+18, 0.0, -65.0390625, 1.79901123046875, -16.619873046875], [1.4091826247880622e+18, 0.0, -81.89849853515625, -8.03985595703125, -30.5389404296875], [1.4091826248283456e+18, 0.0, -132.7789306640625, -36.0595703125, -68.87969970703125], [1.4091826248485481e+18, 0.0, -158.51898193359375, -49.6185302734375, -88.31939697265625], [1.4091826248686592e+18, 0.0, -184.259033203125, -63.05999755859375, -107.57904052734375], [1.4091826248888008e+18, 0.0, -209.15985107421875, -75.8392333984375, -125.63934326171875], [1.4091826249089119e+18, 0.0, -231.8389892578125, -87.95928955078125, -140.63873291015625], [1.4091826249290534e+18, 0.0, -247.55859375, -95.159912109375, -148.61907958984375], [1.4091826249693673e+18, 0.0, -205.19866943359375, -70.43914794921875, -117.83905029296875], [1.4091826249895089e+18, 0.0, -179.39910888671875, -56.3385009765625, -98.93951416015625], [1.4091826250096504e+18, 0.0, -153.23944091796875, -42.35992431640625, -80.0994873046875], [1.4091826250298225e+18, 0.0, -126.959228515625, -28.91998291015625, -61.3189697265625], [1.4091826250499336e+18, 0.0, -100.9185791015625, -15.7196044921875, -43.07861328125], [1.4091826250700751e+18, 0.0, -75.17852783203125, -2.398681640625, -25.6195068359375], [1.4091826250901862e+18, 0.0, -52.19879150390625, 8.5784912109375, -11.4593505859375], [1.4091826251103278e+18, 0.0, -51.239013671875, 7.97882080078125, -10.31951904296875], [1.4091826251307031e+18, 0.0, -51.1199951171875, 7.97882080078125, -10.0189208984375], [1.4091826251508751e+18, 0.0, -50.99945068359375, 7.9193115234375, -9.6588134765625], [1.4091826251710167e+18, 0.0, -50.87890625, 7.7392578125, -9.41925048828125], [1.4091826251911583e+18, 0.0, -50.81939697265625, 7.79876708984375, -8.9996337890625], [1.4091826252113001e+18, 0.0, -50.3997802734375, 7.79876708984375, -8.5784912109375]], "onAccuracyChangedData": [[4134703099878, 0], [4140388129634, 1], [4144290586524, 0]], "version": "1.0.0", "calibrated": true, "systemInfo": {"Build.MODEL": "Nexus 4", "Build.VERSION.SDK_INT": 19, "Build.DEVICE": "mako", "screenResolution.X": 1196, "screenResolution.Y": 768, "Build.PRODUCT": "occam"}, "labels": [[1409182624727698432, 4]], "filename": "nexus4-pos-multi-cjr-1-03.json"}