{"magnetometer": [[1.4091826521028698e+18, 0.0, -37.6190185546875, -12.4786376953125, -14.57977294921875], [1.409182652123042e+18, 0.0, -37.91961669921875, -12.8997802734375, -15.77911376953125], [1.4091826521431529e+18, 0.0, -38.45977783203125, -13.31939697265625, -16.619873046875], [1.4091826521633252e+18, 0.0, -38.75885009765625, -13.6199951171875, -17.63916015625], [1.4091826521834363e+18, 0.0, -39.959716796875, -14.6392822265625, -19.31915283203125], [1.4091826522237499e+18, 0.0, -49.6185302734375, -23.03924560546875, -37.37945556640625], [1.4091826522664745e+18, 0.0, -76.07879638671875, -53.759765625, -95.3399658203125], [1.4091826522861583e+18, 0.0, -90.53955078125, -70.07904052734375, -126.71966552734375], [1.4091826523062999e+18, 0.0, -104.75921630859375, -86.39984130859375, -157.85980224609375], [1.4091826523264415e+18, 0.0, -119.27947998046875, -102.77862548828125, -189.17999267578125], [1.4091826523465833e+18, 0.0, -133.37860107421875, -118.73931884765625, -219.4793701171875], [1.4091826523668774e+18, 0.0, -145.97930908203125, -133.4991455078125, -245.87860107421875], [1.409182652386836e+18, 0.0, -154.85992431640625, -144.29931640625, -264.239501953125], [1.409182652407008e+18, 0.0, -156.658935546875, -142.85888671875, -263.57879638671875], [1.4091826524271496e+18, 0.0, -150.8392333984375, -131.63909912109375, -246.11968994140625], [1.4091826524675244e+18, 0.0, -127.8594970703125, -99.71923828125, -192.718505859375], [1.4091826524875745e+18, 0.0, -115.37933349609375, -83.51898193359375, -164.39971923828125], [1.4091826525077161e+18, 0.0, -102.47955322265625, -67.0196533203125, -135.9588623046875], [1.4091826525278272e+18, 0.0, -89.21966552734375, -50.2197265625, -107.75909423828125], [1.4091826525480297e+18, 0.0, -75.4791259765625, -33.47930908203125, -79.559326171875], [1.4091826525685985e+18, 0.0, -63.1195068359375, -20.39947509765625, -55.97991943359375], [1.4091826525882824e+18, 0.0, -56.63909912109375, -15.59906005859375, -44.99969482421875], [1.4091826526084239e+18, 0.0, -55.01861572265625, -14.9993896484375, -41.99981689453125], [1.4091826526285655e+18, 0.0, -54.47998046875, -14.87884521484375, -40.4998779296875], [1.4091826526487073e+18, 0.0, -54.058837890625, -14.51873779296875, -39.4195556640625], [1.4091826526690015e+18, 0.0, -53.63922119140625, -14.21966552734375, -38.57879638671875]], "onAccuracyChangedData": [[4134703099878, 0], [4140388129634, 1], [4144290586524, 0]], "version": "1.0.0", "calibrated": true, "systemInfo": {"Build.MODEL": "Nexus 4", "Build.VERSION.SDK_INT": 19, "Build.DEVICE": "mako", "screenResolution.X": 1196, "screenResolution.Y": 768, "Build.PRODUCT": "occam"}, "labels": [[1409182652183436288, 3]], "filename": "nexus4-pos-multi-cjr-1-30.json"}