{"magnetometer": [[1.4091826482750886e+18, 0.0, -52.79998779296875, 7.5592041015625, -15.838623046875], [1.4091826482952607e+18, 0.0, -51.59912109375, 8.45947265625, -13.31939697265625], [1.4091826483153718e+18, 0.0, -50.15869140625, 9.3597412109375, -10.25848388671875], [1.4091826483355133e+18, 0.0, -48.83880615234375, 10.55908203125, -6.41937255859375], [1.4091826483556854e+18, 0.0, -47.27935791015625, 11.87896728515625, -2.15911865234375], [1.4091826483757965e+18, 0.0, -45.7794189453125, 13.31939697265625, 2.15911865234375], [1.4091826483959076e+18, 0.0, -44.27947998046875, 14.69879150390625, 7.13958740234375], [1.4091826484160796e+18, 0.0, -42.5994873046875, 16.3787841796875, 12.77923583984375], [1.4091826484362519e+18, 0.0, -39.599609375, 18.47991943359375, 19.9188232421875], [1.409182648456363e+18, 0.0, -34.67864990234375, 20.93963623046875, 29.21905517578125], [1.4091826484966157e+18, 0.0, -15.179443359375, 27.5390625, 57.2998046875], [1.4091826485168182e+18, 0.0, -4.25872802734375, 30.35888671875, 71.9390869140625], [1.4091826485368988e+18, 0.0, 6.59942626953125, 32.818603515625, 86.03973388671875], [1.4091826485570708e+18, 0.0, 17.4591064453125, 35.27984619140625, 99.5391845703125], [1.4091826485772127e+18, 0.0, 27.7191162109375, 37.2589111328125, 111.71875], [1.4091826485973847e+18, 0.0, 36.2396240234375, 38.39874267578125, 121.319580078125], [1.4091826486175263e+18, 0.0, 41.339111328125, 38.6993408203125, 127.978515625], [1.4091826486381947e+18, 0.0, 42.11883544921875, 37.67852783203125, 130.01861572265625], [1.409182648658367e+18, 0.0, 40.4998779296875, 37.078857421875, 129.2999267578125], [1.4091826486785085e+18, 0.0, 38.39874267578125, 35.8795166015625, 128.1585693359375], [1.4091826486985892e+18, 0.0, 31.85882568359375, 33.0596923828125, 120.95947265625], [1.4091826487187917e+18, 0.0, 21.29974365234375, 28.73992919921875, 102.83966064453125], [1.4091826487389028e+18, 0.0, 10.3790283203125, 24.359130859375, 84.89990234375], [1.4091826487590444e+18, 0.0, -0.299072265625, 20.098876953125, 67.3187255859375], [1.4091826487791555e+18, 0.0, -9.89990234375, 16.0797119140625, 49.6795654296875], [1.409182648799297e+18, 0.0, -18.8385009765625, 12.05902099609375, 32.27996826171875], [1.4091826488194693e+18, 0.0, -27.899169921875, 8.51898193359375, 15.179443359375], [1.4091826488396109e+18, 0.0, -36.29913330078125, 5.218505859375, -1.61895751953125]], "onAccuracyChangedData": [[4134703099878, 0], [4140388129634, 1], [4144290586524, 0]], "version": "1.0.0", "calibrated": true, "systemInfo": {"Build.MODEL": "Nexus 4", "Build.VERSION.SDK_INT": 19, "Build.DEVICE": "mako", "screenResolution.X": 1196, "screenResolution.Y": 768, "Build.PRODUCT": "occam"}, "labels": [[1409182648355685376, 2]], "filename": "nexus4-pos-multi-cjr-1-26.json"}