{"magnetometer": [[1.4091826329665231e+18, 0.0, -52.25982666015625, 6.05926513671875, -11.39984130859375], [1.4091826329866647e+18, 0.0, -52.19879150390625, 6.1798095703125, -11.279296875], [1.4091826330068063e+18, 0.0, -51.83868408203125, 6.1798095703125, -11.15875244140625], [1.4091826330269174e+18, 0.0, -51.89971923828125, 6.05926513671875, -11.39984130859375], [1.4091826330470285e+18, 0.0, -53.2196044921875, 5.7586669921875, -11.87896728515625], [1.4091826330672005e+18, 0.0, -56.6986083984375, 4.79888916015625, -14.51873779296875], [1.4091826330873116e+18, 0.0, -64.91851806640625, 1.019287109375, -20.9991455078125], [1.4091826331276198e+18, 0.0, -112.43896484375, -23.39935302734375, -54.2999267578125], [1.4091826331477919e+18, 0.0, -138.8397216796875, -36.419677734375, -72.59979248046875], [1.4091826331678725e+18, 0.0, -165.7196044921875, -49.55902099609375, -90.899658203125], [1.4091826331880753e+18, 0.0, -192.11883544921875, -62.33978271484375, -108.4197998046875], [1.4091826332081864e+18, 0.0, -217.19970703125, -74.7589111328125, -125.0396728515625], [1.4091826332282972e+18, 0.0, -239.6392822265625, -85.7391357421875, -137.87994384765625], [1.4091826332484695e+18, 0.0, -254.39910888671875, -90.95916748046875, -142.0196533203125], [1.4091826332686111e+18, 0.0, -246.77886962890625, -83.15887451171875, -131.45904541015625], [1.4091826333088942e+18, 0.0, -193.73931884765625, -55.859375, -93.65997314453125], [1.4091826333290358e+18, 0.0, -166.7388916015625, -42.29888916015625, -74.33929443359375], [1.4091826333491773e+18, 0.0, -139.79949951171875, -28.91998291015625, -55.43975830078125], [1.4091826333693496e+18, 0.0, -112.9791259765625, -15.478515625, -37.19940185546875], [1.4091826333894912e+18, 0.0, -86.4593505859375, -2.69927978515625, -20.819091796875], [1.4091826334096023e+18, 0.0, -62.63885498046875, 7.01904296875, -8.9385986328125], [1.4091826334297439e+18, 0.0, -48.779296875, 11.0992431640625, -2.7587890625], [1.4091826334498854e+18, 0.0, -48.47869873046875, 10.79864501953125, -2.33917236328125], [1.409182633470027e+18, 0.0, -47.99957275390625, 10.61859130859375, -1.67999267578125], [1.4091826334901381e+18, 0.0, -47.698974609375, 10.919189453125, -1.67999267578125], [1.4091826335103409e+18, 0.0, -47.3388671875, 10.7391357421875, -1.67999267578125], [1.4091826335304824e+18, 0.0, -47.1588134765625, 10.43853759765625, -1.49993896484375]], "onAccuracyChangedData": [[4134703099878, 0], [4140388129634, 1], [4144290586524, 0]], "version": "1.0.0", "calibrated": true, "systemInfo": {"Build.MODEL": "Nexus 4", "Build.VERSION.SDK_INT": 19, "Build.DEVICE": "mako", "screenResolution.X": 1196, "screenResolution.Y": 768, "Build.PRODUCT": "occam"}, "labels": [[1409182633047028480, 4]], "filename": "nexus4-pos-multi-cjr-1-11.json"}