{"magnetometer": [[1.4057236310266598e+18, 0.0, 6.1798095703125, -3.05938720703125, 60.479736328125], [1.4057236310468319e+18, 0.0, 5.938720703125, -3.05938720703125, 60.77880859375], [1.4057236310670042e+18, 0.0, 6.1187744140625, -3.05938720703125, 60.9588623046875], [1.4057236310871457e+18, 0.0, 6.1187744140625, -3.179931640625, 61.25946044921875], [1.4057236311073482e+18, 0.0, 10.31951904296875, -1.739501953125, 65.27862548828125], [1.4057236311476316e+18, 0.0, 39.959716796875, 6.658935546875, 98.4588623046875], [1.4057236311678341e+18, 0.0, 54.9591064453125, 10.7391357421875, 115.55938720703125], [1.4057236311879148e+18, 0.0, 69.71893310546875, 14.93988037109375, 132.659912109375], [1.4057236312079954e+18, 0.0, 84.478759765625, 19.378662109375, 149.8199462890625], [1.4057236312281062e+18, 0.0, 98.75946044921875, 23.8189697265625, 166.7999267578125], [1.4057236312482785e+18, 0.0, 113.21868896484375, 28.31878662109375, 183.23974609375], [1.4057236312684201e+18, 0.0, 122.63946533203125, 30.83953857421875, 194.6990966796875], [1.4057236312885921e+18, 0.0, 118.1396484375, 28.0792236328125, 188.1591796875], [1.4057236313087949e+18, 0.0, 106.79931640625, 23.638916015625, 174.1790771484375], [1.4057236313288143e+18, 0.0, 93.359375, 19.5587158203125, 157.7392578125], [1.4057236313490476e+18, 0.0, 79.3792724609375, 15.3594970703125, 141.41998291015625], [1.4057236313691891e+18, 0.0, 65.69976806640625, 10.97869873046875, 124.91912841796875], [1.4057236313892393e+18, 0.0, 52.3193359375, 6.658935546875, 108.3587646484375], [1.4057236314093501e+18, 0.0, 38.6993408203125, 2.2796630859375, 92.15850830078125], [1.4057236314295224e+18, 0.0, 26.03912353515625, -1.49993896484375, 77.099609375], [1.4057236314497249e+18, 0.0, 16.619873046875, -3.2989501953125, 67.559814453125], [1.4057236314699581e+18, 0.0, 13.79852294921875, -3.118896484375, 65.0390625], [1.4057236314901302e+18, 0.0, 12.8997802734375, -3.2989501953125, 64.5599365234375], [1.4057236315101194e+18, 0.0, 12.77923583984375, -3.23944091796875, 63.958740234375], [1.4057236315302303e+18, 0.0, 12.23907470703125, -3.41949462890625, 63.5986328125], [1.405723631550433e+18, 0.0, 11.8194580078125, -3.71856689453125, 63.299560546875], [1.4057236315706051e+18, 0.0, 11.4593505859375, -3.839111328125, 62.87994384765625], [1.4057236315907162e+18, 0.0, 11.15875244140625, -4.13970947265625, 62.579345703125]], "onAccuracyChangedData": [[1405723652750000000, 1]], "version": "1.0.0", "calibrated": true, "systemInfo": {"Build.MODEL": "Nexus 4", "Build.VERSION.SDK_INT": 19, "Build.DEVICE": "mako", "screenResolution.X": 1196, "screenResolution.Y": 768, "Build.PRODUCT": "occam"}, "labels": [[1405723631107348224, 1]], "filename": "nexus4-positive-gavin-3-09.json"}