{"magnetometer": [[1.4055505869838597e+18, 0.0, 381.41937255859375, -75.4791259765625, 280.859375], [1.4055505870040929e+18, 0.0, 381.59942626953125, -75.0, 281.5185546875], [1.4055505870242345e+18, 0.0, 381.77947998046875, -74.87945556640625, 282.53936767578125], [1.4055505870443761e+18, 0.0, 383.33892822265625, -74.15924072265625, 284.2193603515625], [1.4055505870643958e+18, 0.0, 387.8997802734375, -72.17864990234375, 288.299560546875], [1.4055505870847204e+18, 0.0, 397.259521484375, -66.05987548828125, 297.6593017578125], [1.4055505871248509e+18, 0.0, 423.17962646484375, -49.37896728515625, 326.2786865234375], [1.4055505871451146e+18, 0.0, 436.25946044921875, -41.1590576171875, 340.8599853515625], [1.4055505871651343e+18, 0.0, 449.4598388671875, -32.93914794921875, 355.01861572265625], [1.4055505871853064e+18, 0.0, 462.359619140625, -24.23858642578125, 368.87969970703125], [1.4055505872055089e+18, 0.0, 471.7193603515625, -18.95904541015625, 378.179931640625], [1.4055505872256507e+18, 0.0, 469.31915283203125, -20.458984375, 376.37939453125], [1.4055505872457923e+18, 0.0, 461.33880615234375, -26.15966796875, 368.0389404296875], [1.4055505872658422e+18, 0.0, 449.3988037109375, -34.0789794921875, 354.71954345703125], [1.4055505872861059e+18, 0.0, 436.97967529296875, -42.11883544921875, 341.09954833984375], [1.4055505873061865e+18, 0.0, 424.37896728515625, -50.09918212890625, 327.178955078125], [1.4055505873262976e+18, 0.0, 411.71875, -58.25958251953125, 313.739013671875], [1.4055505873465001e+18, 0.0, 399.59869384765625, -66.5985107421875, 300.17852783203125], [1.4055505873666417e+18, 0.0, 389.6392822265625, -72.23968505859375, 290.09857177734375], [1.4055505873868444e+18, 0.0, 388.1988525390625, -72.479248046875, 288.8397216796875], [1.4055505874068029e+18, 0.0, 387.65869140625, -72.2991943359375, 288.4185791015625], [1.4055505874270666e+18, 0.0, 387.4786376953125, -72.35870361328125, 288.299560546875], [1.4055505874472387e+18, 0.0, 387.4786376953125, -72.2991943359375, 288.299560546875], [1.4055505874672888e+18, 0.0, 387.5396728515625, -72.479248046875, 288.35906982421875], [1.4055505874874304e+18, 0.0, 387.65869140625, -72.59979248046875, 287.99896240234375], [1.405550587507572e+18, 0.0, 387.359619140625, -72.71881103515625, 287.7593994140625], [1.4055505875277135e+18, 0.0, 386.94000244140625, -72.77984619140625, 287.51983642578125], [1.4055505875478551e+18, 0.0, 386.87896728515625, -73.13995361328125, 287.21923828125]], "onAccuracyChangedData": [[1405550582544000000, 0], [1405550622534000000, 1], [1405550623210000000, 0]], "version": "1.0.0", "calibrated": true, "systemInfo": {"Build.MODEL": "Nexus 4", "Build.VERSION.SDK_INT": 19, "Build.DEVICE": "mako", "screenResolution.X": 1196, "screenResolution.Y": 768, "Build.PRODUCT": "occam"}, "labels": [[1405550587064395776, 1]], "filename": "nexus4-positive-cjr-2-00.json"}