{"magnetometer": [[1.4055504109502664e+18, 0.0, -47.2198486328125, 6.4788818359375, -1.25885009765625], [1.4055504109704079e+18, 0.0, -47.1588134765625, 6.5399169921875, -1.5594482421875], [1.4055504109906412e+18, 0.0, -47.2198486328125, 6.89849853515625, -1.97906494140625], [1.4055504110107523e+18, 0.0, -47.039794921875, 7.07855224609375, -2.2186279296875], [1.4055504110308938e+18, 0.0, -46.978759765625, 7.1990966796875, -2.459716796875], [1.4055504110510354e+18, 0.0, -46.6796875, 7.31964111328125, -2.5787353515625], [1.405550411071177e+18, 0.0, -46.6796875, 7.43865966796875, -2.51922607421875], [1.4055504110912881e+18, 0.0, -46.55914306640625, 7.7392578125, -2.5787353515625], [1.4055504111113992e+18, 0.0, -46.73919677734375, 7.79876708984375, -2.398681640625], [1.4055504111314798e+18, 0.0, -46.4996337890625, 7.97882080078125, -2.33917236328125], [1.4055504111516823e+18, 0.0, -46.55914306640625, 8.099365234375, -2.099609375], [1.4055504111719155e+18, 0.0, -46.4385986328125, 8.2794189453125, -1.9195556640625], [1.4055504111920266e+18, 0.0, -46.4996337890625, 8.45947265625, -1.8585205078125], [1.4055504112121682e+18, 0.0, -46.4996337890625, 8.39996337890625, -1.739501953125], [1.4055504112322488e+18, 0.0, -46.319580078125, 8.45947265625, -1.5594482421875], [1.4055504112524462e+18, 0.0, -46.37908935546875, 8.33892822265625, -1.37939453125], [1.4055504112725878e+18, 0.0, -46.19903564453125, 8.6395263671875, -1.25885009765625], [1.4055504112927296e+18, 0.0, -46.37908935546875, 8.9996337890625, -1.13983154296875], [1.4055504113129321e+18, 0.0, -46.0784912109375, 8.9996337890625, -1.019287109375], [1.4055504113330127e+18, 0.0, -46.1395263671875, 9.05914306640625, -0.4791259765625], [1.4055504113531848e+18, 0.0, -46.01898193359375, 9.05914306640625, -0.35858154296875], [1.4055504113734484e+18, 0.0, -46.319580078125, 9.1796875, 0.0], [1.40555041139359e+18, 0.0, -46.4385986328125, 9.2987060546875, 0.05950927734375], [1.4055504114136707e+18, 0.0, -46.37908935546875, 9.3597412109375, 0.1190185546875], [1.4055504114336901e+18, 0.0, -46.19903564453125, 9.11865234375, 0.299072265625], [1.4055504114539233e+18, 0.0, -46.258544921875, 8.819580078125, 0.71868896484375], [1.4055504114740344e+18, 0.0, -46.4385986328125, 8.87908935546875, 0.8392333984375], [1.405550411494176e+18, 0.0, -46.258544921875, 8.87908935546875, 0.8392333984375], [1.4055504115143176e+18, 0.0, -46.0784912109375, 8.87908935546875, 1.31988525390625]], "onAccuracyChangedData": [[1405550407497000000, 1], [1405550434175000000, 0]], "version": "1.0.0", "calibrated": true, "systemInfo": {"Build.MODEL": "Nexus 4", "Build.VERSION.SDK_INT": 19, "Build.DEVICE": "mako", "screenResolution.X": 1196, "screenResolution.Y": 768, "Build.PRODUCT": "occam"}, "labels": [], "filename": "nexus4-negative-cjr-1-03.json"}