{"magnetometer": [[1.4055505212155896e+18, 0.0, -267.5994873046875, -34.73968505859375, 122.039794921875], [1.4055505212357924e+18, 0.0, -261.83929443359375, -24.29962158203125, 118.3197021484375], [1.4055505212559035e+18, 0.0, -253.91998291015625, -12.41912841796875, 115.0787353515625], [1.4055505212760755e+18, 0.0, -244.7998046875, 0.71868896484375, 112.55950927734375], [1.4055505212962783e+18, 0.0, -234.89990234375, 14.9993896484375, 111.29913330078125], [1.4055505213162977e+18, 0.0, -225.0, 31.6192626953125, 111.2396240234375], [1.4055505213566116e+18, 0.0, -204.65850830078125, 70.79925537109375, 107.9986572265625], [1.4055505213767224e+18, 0.0, -194.3389892578125, 91.13922119140625, 101.15966796875], [1.4055505213968335e+18, 0.0, -184.19952392578125, 111.0595703125, 89.57977294921875], [1.4055505214170363e+18, 0.0, -173.03924560546875, 129.5989990234375, 73.0194091796875], [1.4055505214573194e+18, 0.0, -142.6788330078125, 151.739501953125, 27.65960693359375], [1.4055505214776443e+18, 0.0, -123.35968017578125, 152.81982421875, 2.87933349609375], [1.4055505214976637e+18, 0.0, -103.4393310546875, 147.53875732421875, -20.87860107421875], [1.4055505215177137e+18, 0.0, -84.11865234375, 136.6790771484375, -41.27960205078125], [1.4055505215379469e+18, 0.0, -66.23992919921875, 121.319580078125, -57.2998046875], [1.4055505215580884e+18, 0.0, -49.49951171875, 102.11944580078125, -68.5791015625], [1.4055505215781996e+18, 0.0, -34.85870361328125, 81.5399169921875, -73.858642578125], [1.4055505215983107e+18, 0.0, -22.979736328125, 63.35906982421875, -73.49853515625], [1.4055505216385633e+18, 0.0, -7.31964111328125, 38.27972412109375, -66.9586181640625], [1.4055505216587661e+18, 0.0, -1.07879638671875, 29.5196533203125, -63.65966796875], [1.4055505216789686e+18, 0.0, 4.3792724609375, 22.31903076171875, -60.17913818359375], [1.4055505216990797e+18, 0.0, 9.478759765625, 16.4398193359375, -56.99920654296875], [1.4055505217191299e+18, 0.0, 13.79852294921875, 11.75994873046875, -53.9398193359375], [1.4055505217393628e+18, 0.0, 17.69866943359375, 8.33892822265625, -51.17950439453125], [1.4055505217594739e+18, 0.0, 20.69854736328125, 5.51910400390625, -48.83880615234375], [1.4055505217796155e+18, 0.0, 23.39935302734375, 3.2989501953125, -46.73919677734375], [1.4055505217997266e+18, 0.0, 25.19989013671875, 1.31988525390625, -44.6990966796875]], "onAccuracyChangedData": [[1405550460658000000, 1], [1405550461800000000, 0], [1405550478604000000, 1], [1405550491124000000, 0], [1405550509976000000, 1], [1405550511005000000, 0]], "version": "1.0.0", "calibrated": true, "systemInfo": {"Build.MODEL": "Nexus 4", "Build.VERSION.SDK_INT": 19, "Build.DEVICE": "mako", "screenResolution.X": 1196, "screenResolution.Y": 768, "Build.PRODUCT": "occam"}, "labels": [], "filename": "nexus4-positive-cjr-4-hn-11.json"}