{"magnetometer": [[1.405550461651455e+18, 0.0, -27.95867919921875, -21.47979736328125, 10.13946533203125], [1.405550461671627e+18, 0.0, -27.239990234375, -20.9991455078125, 10.67962646484375], [1.4055504616917686e+18, 0.0, -25.799560546875, -19.67926025390625, 11.75994873046875], [1.4055504617118492e+18, 0.0, -22.01995849609375, -18.29986572265625, 14.51873779296875], [1.4055504617321129e+18, 0.0, -16.259765625, -14.87884521484375, 20.2789306640625], [1.405550461772396e+18, 0.0, 3.77960205078125, -1.49993896484375, 44.158935546875], [1.4055504617925681e+18, 0.0, 14.15863037109375, 5.6396484375, 57.23876953125], [1.4055504618126182e+18, 0.0, 24.23858642578125, 12.65869140625, 70.25909423828125], [1.4055504618326989e+18, 0.0, 34.0789794921875, 19.31915283203125, 82.97882080078125], [1.4055504618529318e+18, 0.0, 43.1396484375, 25.799560546875, 95.098876953125], [1.4055504618730429e+18, 0.0, 50.15869140625, 31.73980712890625, 105.5389404296875], [1.4055504618931848e+18, 0.0, 54.65850830078125, 36.0595703125, 112.799072265625], [1.4055504619133568e+18, 0.0, 54.779052734375, 36.9598388671875, 113.99993896484375], [1.4055504619335593e+18, 0.0, 48.47869873046875, 31.85882568359375, 106.73980712890625], [1.4055504619536704e+18, 0.0, 38.03863525390625, 25.31890869140625, 94.13909912109375], [1.405550461973812e+18, 0.0, 27.59857177734375, 18.77899169921875, 81.23931884765625], [1.4055504619940147e+18, 0.0, 17.21954345703125, 12.23907470703125, 68.218994140625], [1.4055504620140342e+18, 0.0, 6.5399169921875, 5.6396484375, 54.9591064453125], [1.4055504620341453e+18, 0.0, -3.89862060546875, -1.07879638671875, 41.81976318359375], [1.4055504620542868e+18, 0.0, -14.21966552734375, -8.21990966796875, 28.85894775390625], [1.4055504620744896e+18, 0.0, -24.05853271484375, -14.93988037109375, 16.13922119140625], [1.4055504620947533e+18, 0.0, -27.95867919921875, -16.558837890625, 10.55908203125], [1.4055504621148032e+18, 0.0, -27.95867919921875, -16.97998046875, 10.0189208984375], [1.405550462135006e+18, 0.0, -27.899169921875, -17.21954345703125, 9.2987060546875], [1.4055504621551171e+18, 0.0, -28.0792236328125, -17.279052734375, 8.6395263671875], [1.4055504621752586e+18, 0.0, -28.0792236328125, -17.39959716796875, 7.79876708984375], [1.4055504621953697e+18, 0.0, -28.19976806640625, -17.51861572265625, 7.07855224609375], [1.4055504622154504e+18, 0.0, -28.19976806640625, -17.39959716796875, 6.35986328125]], "onAccuracyChangedData": [[1405550460658000000, 1], [1405550461800000000, 0], [1405550478604000000, 1], [1405550491124000000, 0], [1405550509976000000, 1], [1405550511005000000, 0]], "version": "1.0.0", "calibrated": true, "systemInfo": {"Build.MODEL": "Nexus 4", "Build.VERSION.SDK_INT": 19, "Build.DEVICE": "mako", "screenResolution.X": 1196, "screenResolution.Y": 768, "Build.PRODUCT": "occam"}, "labels": [[1405550461732112896, 1]], "filename": "nexus4-positive-cjr-4-00.json"}