{"magnetometer": [[1.4057241614477893e+18, 0.0, -527.51922607421875, 72.71881103515625, 39.4195556640625], [1.4057241614679004e+18, 0.0, -520.79925537109375, 71.15936279296875, 43.37921142578125], [1.4057241614881029e+18, 0.0, -513.35906982421875, 70.07904052734375, 47.75848388671875], [1.4057241615083361e+18, 0.0, -505.73883056640625, 68.87969970703125, 52.19879150390625], [1.4057241615284168e+18, 0.0, -497.760009765625, 67.79937744140625, 57.17926025390625], [1.40572416154865e+18, 0.0, -489.53857421875, 66.89910888671875, 62.09869384765625], [1.4057241615686083e+18, 0.0, -480.419921875, 66.23992919921875, 67.0196533203125], [1.405724161588811e+18, 0.0, -470.819091796875, 65.33966064453125, 71.87957763671875], [1.4057241616089221e+18, 0.0, -460.43853759765625, 64.8590087890625, 76.31988525390625], [1.4057241616290637e+18, 0.0, -449.87945556640625, 64.1387939453125, 80.87921142578125], [1.4057241616693468e+18, 0.0, -429.17938232421875, 62.21923828125, 88.85955810546875], [1.4057241616895496e+18, 0.0, -419.158935546875, 61.37847900390625, 92.57965087890625], [1.4057241617097216e+18, 0.0, -409.19952392578125, 60.71929931640625, 95.9991455078125], [1.4057241617298327e+18, 0.0, -399.59869384765625, 59.81903076171875, 98.75946044921875], [1.4057241617500355e+18, 0.0, -390.179443359375, 58.43963623046875, 100.799560546875], [1.4057241617700244e+18, 0.0, -381.59942626953125, 55.43975830078125, 102.3590087890625], [1.4057241617901965e+18, 0.0, -373.97918701171875, 50.81939697265625, 103.25927734375], [1.405724161810338e+18, 0.0, -367.07916259765625, 45.4193115234375, 104.278564453125], [1.4057241618304796e+18, 0.0, -360.2996826171875, 39.7186279296875, 105.5389404296875], [1.4057241618507128e+18, 0.0, -353.1585693359375, 33.7188720703125, 106.2591552734375], [1.405724161870763e+18, 0.0, -345.7794189453125, 27.0599365234375, 107.03887939453125], [1.4057241618909655e+18, 0.0, -338.3392333984375, 20.39947509765625, 107.9986572265625], [1.4057241619111683e+18, 0.0, -331.01959228515625, 14.57977294921875, 109.19952392578125], [1.4057241619312794e+18, 0.0, -323.0987548828125, 10.61859130859375, 109.91973876953125], [1.4057241619514819e+18, 0.0, -314.15863037109375, 8.87908935546875, 110.75897216796875], [1.4057241619715625e+18, 0.0, -303.179931640625, 8.6395263671875, 111.65924072265625], [1.4057241620118761e+18, 0.0, -273.65875244140625, 9.89990234375, 110.09979248046875]], "onAccuracyChangedData": [[1405724172910000000, 1], [1405724179197000000, 2], [1405724184593000000, 0]], "version": "1.0.0", "calibrated": true, "systemInfo": {"Build.MODEL": "Nexus 4", "Build.VERSION.SDK_INT": 19, "Build.DEVICE": "mako", "screenResolution.X": 1196, "screenResolution.Y": 768, "Build.PRODUCT": "occam"}, "labels": [], "filename": "nexus4-negative-gavin-3-09.json"}