{"magnetometer": [[1.4057236161203446e+18, 0.0, 14.21966552734375, -21.41876220703125, 43.07861328125], [1.4057236161404252e+18, 0.0, 14.39971923828125, -21.47979736328125, 42.53997802734375], [1.4057236161605363e+18, 0.0, 14.459228515625, -21.77886962890625, 42.059326171875], [1.4057236161807388e+18, 0.0, 14.57977294921875, -22.259521484375, 41.5191650390625], [1.4057236162009111e+18, 0.0, 17.15850830078125, -21.8994140625, 43.438720703125], [1.4057236162411331e+18, 0.0, 43.2586669921875, -13.018798828125, 75.71868896484375], [1.4057236162612442e+18, 0.0, 56.878662109375, -9.05914306640625, 92.8192138671875], [1.4057236162813553e+18, 0.0, 70.79925537109375, -5.0994873046875, 110.21881103515625], [1.4057236163014968e+18, 0.0, 84.59930419921875, -1.1993408203125, 127.91900634765625], [1.4057236163216384e+18, 0.0, 98.39935302734375, 2.81982421875, 145.318603515625], [1.4057236163417802e+18, 0.0, 112.5, 7.43865966796875, 162.7197265625], [1.4057236163619827e+18, 0.0, 123.779296875, 11.279296875, 177.5390625], [1.405723616382155e+18, 0.0, 125.09918212890625, 10.79864501953125, 178.73992919921875], [1.4057236164022659e+18, 0.0, 125.45928955078125, 11.4593505859375, 178.4393310546875], [1.4057236164227587e+18, 0.0, 123.419189453125, 9.95941162109375, 173.75946044921875], [1.4057236164429002e+18, 0.0, 111.71875, 5.0994873046875, 158.33892822265625], [1.405723616463042e+18, 0.0, 98.03924560546875, 1.019287109375, 141.05987548828125], [1.4057236164831532e+18, 0.0, 84.05914306640625, -2.69927978515625, 123.89984130859375], [1.4057236165034778e+18, 0.0, 69.659423828125, -6.8389892578125, 106.49871826171875], [1.4057236165234972e+18, 0.0, 55.55877685546875, -11.03973388671875, 89.51873779296875], [1.4057236165436695e+18, 0.0, 41.21856689453125, -15.59906005859375, 72.35870361328125], [1.405723616563872e+18, 0.0, 26.8798828125, -20.21942138671875, 55.3192138671875], [1.4057236165839526e+18, 0.0, 14.87884521484375, -23.03924560546875, 42.41943359375], [1.4057236166040026e+18, 0.0, 12.41912841796875, -22.13897705078125, 40.2587890625], [1.4057236166241748e+18, 0.0, 11.9384765625, -22.0794677734375, 39.7796630859375], [1.4057236166443469e+18, 0.0, 11.639404296875, -22.3785400390625, 39.239501953125], [1.4057236166645189e+18, 0.0, 11.33880615234375, -22.3785400390625, 39.0594482421875], [1.4057236166845386e+18, 0.0, 11.0992431640625, -22.31903076171875, 38.6993408203125]], "onAccuracyChangedData": [[1405723652750000000, 1]], "version": "1.0.0", "calibrated": true, "systemInfo": {"Build.MODEL": "Nexus 4", "Build.VERSION.SDK_INT": 19, "Build.DEVICE": "mako", "screenResolution.X": 1196, "screenResolution.Y": 768, "Build.PRODUCT": "occam"}, "labels": [[1405723616200911104, 1]], "filename": "nexus4-positive-gavin-3-00.json"}