{"magnetometer": [[1.405550504677783e+18, 1.0, -8.51898193359375, -72.119140625, -56.81915283203125], [1.4055505046979246e+18, 1.0, -16.13922119140625, -70.79925537109375, -48.53973388671875], [1.4055505047180357e+18, 1.0, -28.85894775390625, -69.23980712890625, -35.27984619140625], [1.405550504758441e+18, 1.0, -71.9390869140625, -65.99884033203125, 0.89874267578125], [1.4055505047785521e+18, 1.0, -102.11944580078125, -64.3798828125, 21.59881591796875], [1.4055505047987241e+18, 1.0, -139.79949951171875, -64.43939208984375, 39.7186279296875], [1.4055505048389768e+18, 1.0, -226.5594482421875, -63.71917724609375, 71.2188720703125], [1.4055505048591491e+18, 1.0, -270.95947265625, -63.35906982421875, 79.67987060546875], [1.405550504879199e+18, 1.0, -312.59918212890625, -62.7593994140625, 82.97882080078125], [1.4055505048993101e+18, 1.0, -351.0589599609375, -62.21923828125, 82.07855224609375], [1.4055505049194516e+18, 1.0, -385.0799560546875, -61.37847900390625, 77.87933349609375], [1.4055505049598876e+18, 1.0, -443.15948486328125, -59.63897705078125, 63.65966796875], [1.405550504979968e+18, 1.0, -467.33856201171875, -59.15985107421875, 54.9591064453125], [1.4055505050001098e+18, 1.0, -487.139892578125, -59.039306640625, 46.0784912109375], [1.4055505050202207e+18, 1.0, -503.2196044921875, -58.79974365234375, 37.67852783203125], [1.405550505040393e+18, 1.0, -516.35894775390625, -58.61968994140625, 30.11932373046875], [1.4055505050604429e+18, 1.0, -527.03857421875, -58.61968994140625, 23.27880859375], [1.4055505050806152e+18, 1.0, -535.67962646484375, -58.91876220703125, 17.21954345703125], [1.4055505051007567e+18, 1.0, -543.05877685546875, -59.09881591796875, 11.15875244140625], [1.4055505051208983e+18, 1.0, -549.59869384765625, -59.759521484375, 4.91943359375], [1.4055505051410399e+18, 1.0, -555.780029296875, -60.418701171875, -1.31988525390625], [1.4055505051613036e+18, 1.0, -562.01934814453125, -61.138916015625, -7.25860595703125], [1.4055505051813842e+18, 1.0, -567.53997802734375, -61.91864013671875, -12.95928955078125], [1.4055505052015867e+18, 1.0, -572.93853759765625, -62.99896240234375, -19.439697265625], [1.4055505052216673e+18, 1.0, -578.81927490234375, -64.07928466796875, -26.3397216796875], [1.4055505052418089e+18, 1.0, -584.99908447265625, -64.97955322265625, -34.0789794921875], [1.4055505052618591e+18, 1.0, -590.75927734375, -65.63873291015625, -41.99981689453125]], "onAccuracyChangedData": [[1405550460658000000, 1], [1405550461800000000, 0], [1405550478604000000, 1], [1405550491124000000, 0], [1405550509976000000, 1], [1405550511005000000, 0]], "version": "1.0.0", "calibrated": true, "systemInfo": {"Build.MODEL": "Nexus 4", "Build.VERSION.SDK_INT": 19, "Build.DEVICE": "mako", "screenResolution.X": 1196, "screenResolution.Y": 768, "Build.PRODUCT": "occam"}, "labels": [], "filename": "nexus4-positive-cjr-4-hn-07.json"}