{"magnetometer": [[1.4055504645923868e+18, 0.0, -22.7386474609375, -11.15875244140625, 25.67901611328125], [1.405550464612681e+18, 0.0, -22.7996826171875, -10.43853759765625, 26.39923095703125], [1.4055504646327616e+18, 0.0, -22.7386474609375, -9.6588134765625, 27.178955078125], [1.4055504646529032e+18, 0.0, -21.29974365234375, -8.33892822265625, 29.339599609375], [1.4055504646729533e+18, 0.0, -15.59906005859375, -4.7393798828125, 34.979248046875], [1.4055504646931558e+18, 0.0, -5.51910400390625, 2.398681640625, 47.5799560546875], [1.4055504647132669e+18, 0.0, 4.61883544921875, 9.6588134765625, 61.07940673828125], [1.4055504647334085e+18, 0.0, 15.3594970703125, 16.67938232421875, 74.87945556640625], [1.4055504647535501e+18, 0.0, 25.6195068359375, 24.05853271484375, 88.739013671875], [1.4055504647736919e+18, 0.0, 35.8795166015625, 31.67877197265625, 102.5390625], [1.405550464793803e+18, 0.0, 45.95947265625, 39.17999267578125, 116.09954833984375], [1.4055504648140055e+18, 0.0, 54.5989990234375, 46.319580078125, 127.978515625], [1.4055504648341775e+18, 0.0, 58.43963623046875, 50.99945068359375, 136.25946044921875], [1.4055504648542886e+18, 0.0, 53.81927490234375, 49.3194580078125, 134.27886962890625], [1.4055504648744302e+18, 0.0, 44.219970703125, 42.718505859375, 122.698974609375], [1.4055504648944804e+18, 0.0, 33.23974609375, 37.2589111328125, 108.89892578125], [1.4055504649146524e+18, 0.0, 22.4395751953125, 31.67877197265625, 95.21942138671875], [1.405550464934794e+18, 0.0, 11.87896728515625, 25.67901611328125, 81.4788818359375], [1.4055504649549663e+18, 0.0, 1.1993408203125, 19.67926025390625, 67.6788330078125], [1.4055504649751995e+18, 0.0, -9.2987060546875, 13.37890625, 54.058837890625], [1.4055504649952189e+18, 0.0, -18.77899169921875, 7.01904296875, 40.618896484375], [1.4055504650153605e+18, 0.0, -24.41864013671875, 3.6590576171875, 30.2398681640625], [1.4055504650354716e+18, 0.0, -25.439453125, 4.97894287109375, 28.619384765625], [1.4055504650556132e+18, 0.0, -25.55999755859375, 5.218505859375, 28.9794921875], [1.4055504650758464e+18, 0.0, -25.13885498046875, 5.33905029296875, 28.9794921875], [1.4055504650959575e+18, 0.0, -25.19989013671875, 5.51910400390625, 28.9794921875], [1.4055504651161423e+18, 0.0, -25.079345703125, 5.6396484375, 29.21905517578125], [1.4055504651363144e+18, 0.0, -25.01983642578125, 5.57861328125, 29.39910888671875], [1.4055504651565171e+18, 0.0, -24.95880126953125, 5.57861328125, 29.638671875]], "onAccuracyChangedData": [[1405550460658000000, 1], [1405550461800000000, 0], [1405550478604000000, 1], [1405550491124000000, 0], [1405550509976000000, 1], [1405550511005000000, 0]], "version": "1.0.0", "calibrated": true, "systemInfo": {"Build.MODEL": "Nexus 4", "Build.VERSION.SDK_INT": 19, "Build.DEVICE": "mako", "screenResolution.X": 1196, "screenResolution.Y": 768, "Build.PRODUCT": "occam"}, "labels": [[1405550464672953344, 1]], "filename": "nexus4-positive-cjr-4-02.json"}