{"magnetometer": [[1.4055507361261304e+18, 0.0, -227.69927978515625, -33.23974609375, 275.0396728515625], [1.4055507361462415e+18, 0.0, -225.6591796875, -34.49859619140625, 284.759521484375], [1.4055507361662917e+18, 0.0, -224.639892578125, -35.33935546875, 295.4986572265625], [1.4055507361865249e+18, 0.0, -224.21875, -35.5194091796875, 306.59942626953125], [1.405550736206636e+18, 0.0, -224.15924072265625, -35.699462890625, 317.39959716796875], [1.4055507362267776e+18, 0.0, -223.5595703125, -36.358642578125, 327.59857177734375], [1.4055507362468887e+18, 0.0, -222.6593017578125, -36.9598388671875, 336.65924072265625], [1.4055507362670303e+18, 0.0, -221.099853515625, -37.73956298828125, 343.85986328125], [1.4055507362871414e+18, 0.0, -218.33953857421875, -39.599609375, 348.83880615234375], [1.4055507363073439e+18, 0.0, -212.939453125, -42.65899658203125, 350.3387451171875], [1.4055507363275466e+18, 0.0, -204.9591064453125, -47.5799560546875, 347.81951904296875], [1.4055507363476577e+18, 0.0, -194.63958740234375, -53.99932861328125, 342.17987060546875], [1.4055507363676772e+18, 0.0, -182.03887939453125, -61.4990234375, 333.83941650390625], [1.4055507363879409e+18, 0.0, -167.69866943359375, -69.05975341796875, 323.8800048828125], [1.4055507364080215e+18, 0.0, -152.15911865234375, -76.5594482421875, 313.43994140625], [1.4055507364281019e+18, 0.0, -135.71929931640625, -83.6395263671875, 303.6590576171875], [1.4055507364482742e+18, 0.0, -120.35980224609375, -90.05889892578125, 296.099853515625], [1.4055507364885573e+18, 0.0, -95.3399658203125, -102.239990234375, 296.99859619140625], [1.405550736508821e+18, 0.0, -83.51898193359375, -106.85882568359375, 305.938720703125], [1.4055507365289321e+18, 0.0, -70.8587646484375, -110.5194091796875, 318.77899169921875], [1.4055507365491346e+18, 0.0, -56.7596435546875, -114.29901123046875, 333.29925537109375], [1.4055507365692152e+18, 0.0, -41.21856689453125, -117.8985595703125, 347.8790283203125], [1.4055507365893568e+18, 0.0, -23.93951416015625, -120.47882080078125, 361.4990234375], [1.4055507366094374e+18, 0.0, -4.559326171875, -121.73919677734375, 372.77984619140625], [1.405550736649751e+18, 0.0, 38.1591796875, -117.41943359375, 385.85968017578125], [1.4055507366699361e+18, 0.0, 57.598876953125, -114.3585205078125, 387.41912841796875], [1.405550736690047e+18, 0.0, 73.3184814453125, -110.99853515625, 387.05902099609375]], "onAccuracyChangedData": [[1405550731738000000, 0], [1405550751065000000, 1], [1405550755075000000, 2], [1405550759963000000, 3], [1405550762595000000, 0]], "version": "1.0.0", "calibrated": true, "systemInfo": {"Build.MODEL": "Nexus 4", "Build.VERSION.SDK_INT": 19, "Build.DEVICE": "mako", "screenResolution.X": 1196, "screenResolution.Y": 768, "Build.PRODUCT": "occam"}, "labels": [], "filename": "nexus4-negative-cjr-3-10.json"}