{"magnetometer": [[1.405550463142081e+18, 0.0, -29.21905517578125, -2.5787353515625, 2.33917236328125], [1.4055504631621919e+18, 0.0, -29.57916259765625, -2.69927978515625, 3.05938720703125], [1.4055504631823946e+18, 0.0, -29.39910888671875, -2.9388427734375, 3.839111328125], [1.4055504632025362e+18, 0.0, -28.4393310546875, -2.6397705078125, 5.33905029296875], [1.4055504632227082e+18, 0.0, -25.9185791015625, -1.49993896484375, 8.87908935546875], [1.40555046324285e+18, 0.0, -16.259765625, 6.1187744140625, 21.539306640625], [1.4055504632630221e+18, 0.0, -6.35986328125, 13.018798828125, 35.21881103515625], [1.4055504632831941e+18, 0.0, 3.6590576171875, 19.6197509765625, 49.01885986328125], [1.4055504633033969e+18, 0.0, 13.739013671875, 26.2786865234375, 62.99896240234375], [1.4055504633234775e+18, 0.0, 23.87847900390625, 32.818603515625, 76.97906494140625], [1.4055504633435274e+18, 0.0, 33.7799072265625, 39.239501953125, 90.53955078125], [1.4055504633636385e+18, 0.0, 42.5994873046875, 45.47882080078125, 103.13873291015625], [1.4055504633837801e+18, 0.0, 49.9786376953125, 50.81939697265625, 113.6993408203125], [1.4055504634039828e+18, 0.0, 50.45928955078125, 49.73907470703125, 113.99993896484375], [1.4055504634240632e+18, 0.0, 47.8790283203125, 46.258544921875, 108.3587646484375], [1.4055504634443269e+18, 0.0, 39.0594482421875, 39.7186279296875, 95.93963623046875], [1.4055504634643466e+18, 0.0, 29.39910888671875, 32.75909423828125, 82.85980224609375], [1.4055504634845491e+18, 0.0, 19.6197509765625, 26.0986328125, 69.59991455078125], [1.4055504635047214e+18, 0.0, 9.6588134765625, 19.378662109375, 56.3995361328125], [1.405550463524863e+18, 0.0, 0.0, 12.65869140625, 43.3197021484375], [1.4055504635449129e+18, 0.0, -9.89990234375, 5.938720703125, 30.059814453125], [1.4055504635650545e+18, 0.0, -19.6197509765625, -0.89874267578125, 17.69866943359375], [1.405550463585196e+18, 0.0, -26.8798828125, -4.559326171875, 10.198974609375], [1.4055504636053379e+18, 0.0, -27.77862548828125, -5.03997802734375, 9.3597412109375], [1.4055504636255404e+18, 0.0, -27.95867919921875, -5.03997802734375, 8.87908935546875], [1.4055504636456515e+18, 0.0, -28.01971435546875, -5.279541015625, 8.51898193359375], [1.4055504636658235e+18, 0.0, -28.13873291015625, -5.218505859375, 8.099365234375], [1.4055504636859653e+18, 0.0, -28.13873291015625, -5.57861328125, 7.5592041015625], [1.4055504637061069e+18, 0.0, -28.25927734375, -5.87921142578125, 7.1990966796875]], "onAccuracyChangedData": [[1405550460658000000, 1], [1405550461800000000, 0], [1405550478604000000, 1], [1405550491124000000, 0], [1405550509976000000, 1], [1405550511005000000, 0]], "version": "1.0.0", "calibrated": true, "systemInfo": {"Build.MODEL": "Nexus 4", "Build.VERSION.SDK_INT": 19, "Build.DEVICE": "mako", "screenResolution.X": 1196, "screenResolution.Y": 768, "Build.PRODUCT": "occam"}, "labels": [[1405550463222708224, 1]], "filename": "nexus4-positive-cjr-4-01.json"}