{"magnetometer": [[1.4057241194891279e+18, 0.0, -53.09906005859375, 0.4791259765625, 5.3985595703125], [1.4057241195092695e+18, 0.0, -53.338623046875, 0.4791259765625, 4.79888916015625], [1.4057241195293501e+18, 0.0, -53.5797119140625, 0.41961669921875, 4.559326171875], [1.4057241195494917e+18, 0.0, -53.45916748046875, 0.17852783203125, 4.13970947265625], [1.4057241195696637e+18, 0.0, -53.5186767578125, 0.1190185546875, 3.6590576171875], [1.4057241195897748e+18, 0.0, -53.69873046875, -0.05950927734375, 3.59954833984375], [1.405724119610069e+18, 0.0, -53.81927490234375, 0.1190185546875, 3.3599853515625], [1.4057241196301801e+18, 0.0, -53.69873046875, 0.41961669921875, 2.87933349609375], [1.4057241196503521e+18, 0.0, -53.8787841796875, 0.89874267578125, 2.398681640625], [1.4057241196704328e+18, 0.0, -53.9398193359375, 1.61895751953125, 1.97906494140625], [1.4057241196904525e+18, 0.0, -53.99932861328125, 2.33917236328125, 1.49993896484375], [1.4057241197107159e+18, 0.0, -54.35943603515625, 3.3599853515625, 1.1993408203125], [1.4057241197307356e+18, 0.0, -54.4189453125, 4.31976318359375, 0.95977783203125], [1.4057241197509076e+18, 0.0, -54.65850830078125, 5.3985595703125, 0.6591796875], [1.4057241197710492e+18, 0.0, -54.779052734375, 6.35986328125, 0.41961669921875], [1.4057241197911603e+18, 0.0, -55.13916015625, 6.89849853515625, 0.71868896484375], [1.405724119811424e+18, 0.0, -55.01861572265625, 7.43865966796875, 1.37939453125], [1.4057241198315351e+18, 0.0, -54.779052734375, 7.5592041015625, 2.03857421875], [1.4057241198517379e+18, 0.0, -54.5989990234375, 7.5592041015625, 2.69927978515625], [1.4057241198718182e+18, 0.0, -54.35943603515625, 7.5592041015625, 3.71856689453125], [1.4057241198918684e+18, 0.0, -54.17938232421875, 7.5592041015625, 4.7393798828125], [1.40572411991201e+18, 0.0, -53.8787841796875, 7.61871337890625, 5.69915771484375], [1.405724119932182e+18, 0.0, -53.5797119140625, 7.49969482421875, 7.01904296875], [1.4057241199523543e+18, 0.0, -53.03955078125, 7.49969482421875, 7.7392578125], [1.4057241199724347e+18, 0.0, -52.8594970703125, 7.379150390625, 8.39996337890625], [1.4057241199925763e+18, 0.0, -52.73895263671875, 7.25860595703125, 8.819580078125], [1.4057241200129011e+18, 0.0, -52.679443359375, 7.1990966796875, 9.23919677734375], [1.405724120032951e+18, 0.0, -52.73895263671875, 7.01904296875, 8.9385986328125], [1.4057241200531517e+18, 0.0, -52.79998779296875, 6.8389892578125, 8.45947265625]], "onAccuracyChangedData": [[1405724120815000000, 1], [1405724127392000000, 0], [1405724134923000000, 1], [1405724140962000000, 2], [1405724143036000000, 0]], "version": "1.0.0", "calibrated": true, "systemInfo": {"Build.MODEL": "Nexus 4", "Build.VERSION.SDK_INT": 19, "Build.DEVICE": "mako", "screenResolution.X": 1196, "screenResolution.Y": 768, "Build.PRODUCT": "occam"}, "labels": [], "filename": "nexus4-negative-gavin-1-10.json"}