{"magnetometer": [[1.4055506526515113e+18, 0.0, 5.999755859375, -6.719970703125, 47.3388671875], [1.4055506526716531e+18, 0.0, 5.999755859375, -7.13958740234375, 47.039794921875], [1.4055506526918252e+18, 0.0, 5.7586669921875, -7.13958740234375, 46.978759765625], [1.4055506527119972e+18, 0.0, 5.8197021484375, -7.25860595703125, 47.09930419921875], [1.4055506527321999e+18, 0.0, 6.1798095703125, -7.31964111328125, 47.09930419921875], [1.4055506527524024e+18, 0.0, 6.1798095703125, -7.379150390625, 47.1588134765625], [1.4055506527724526e+18, 0.0, 6.41937255859375, -7.31964111328125, 46.978759765625], [1.4055506527925942e+18, 0.0, 6.35986328125, -7.13958740234375, 47.09930419921875], [1.4055506528126441e+18, 0.0, 6.4788818359375, -6.89849853515625, 47.27935791015625], [1.4055506528327552e+18, 0.0, 6.4788818359375, -6.719970703125, 47.5189208984375], [1.4055506528529275e+18, 0.0, 6.719970703125, -6.5399169921875, 47.5799560546875], [1.4055506528730691e+18, 0.0, 6.8389892578125, -6.1187744140625, 47.63946533203125], [1.4055506528932411e+18, 0.0, 6.77947998046875, -5.57861328125, 47.698974609375], [1.4055506529133522e+18, 0.0, 6.89849853515625, -4.97894287109375, 47.75848388671875], [1.4055506529336463e+18, 0.0, 6.95953369140625, -4.49981689453125, 48.05908203125], [1.405550652953727e+18, 0.0, 7.13958740234375, -3.89862060546875, 48.17962646484375], [1.4055506529738685e+18, 0.0, 7.25860595703125, -3.118896484375, 48.2391357421875], [1.4055506529940101e+18, 0.0, 7.25860595703125, -2.5787353515625, 48.2391357421875], [1.4055506530141212e+18, 0.0, 7.25860595703125, -1.9195556640625, 48.29864501953125], [1.4055506530341714e+18, 0.0, 7.379150390625, -1.43890380859375, 48.2391357421875], [1.4055506530543434e+18, 0.0, 7.61871337890625, -1.13983154296875, 48.47869873046875], [1.4055506530745155e+18, 0.0, 7.5592041015625, -0.77972412109375, 48.5992431640625], [1.405550653094657e+18, 0.0, 7.43865966796875, -0.35858154296875, 48.83880615234375], [1.4055506531147681e+18, 0.0, 7.1990966796875, 0.17852783203125, 48.89984130859375], [1.4055506531350013e+18, 0.0, 7.379150390625, 0.4791259765625, 48.9593505859375], [1.4055506531551736e+18, 0.0, 7.5592041015625, 1.07879638671875, 49.3194580078125], [1.4055506531752845e+18, 0.0, 7.61871337890625, 1.8585205078125, 49.55902099609375], [1.4055506531953042e+18, 0.0, 7.7392578125, 2.7587890625, 49.73907470703125], [1.4055506532154762e+18, 0.0, 7.49969482421875, 3.6590576171875, 49.6795654296875]], "onAccuracyChangedData": [[1405550634767000000, 1], [1405550657198000000, 0]], "version": "1.0.0", "calibrated": true, "systemInfo": {"Build.MODEL": "Nexus 4", "Build.VERSION.SDK_INT": 19, "Build.DEVICE": "mako", "screenResolution.X": 1196, "screenResolution.Y": 768, "Build.PRODUCT": "occam"}, "labels": [], "filename": "nexus4-negative-cjr-2-08.json"}