{"magnetometer": [[1.4057234901836718e+18, 1.0, -54.4189453125, 7.67974853515625, 11.87896728515625], [1.4057234902037524e+18, 1.0, -54.5989990234375, 7.67974853515625, 11.9384765625], [1.4057234902239245e+18, 1.0, -54.5989990234375, 7.61871337890625, 11.8194580078125], [1.4057234902441577e+18, 1.0, -53.759765625, 7.61871337890625, 12.59918212890625], [1.4057234902642688e+18, 1.0, -49.19891357421875, 8.45947265625, 16.3787841796875], [1.4057234902844408e+18, 1.0, -35.39886474609375, 12.359619140625, 30.718994140625], [1.4057234903044603e+18, 1.0, -21.65985107421875, 16.13922119140625, 45.0592041015625], [1.4057234903246935e+18, 1.0, -7.79876708984375, 19.85931396484375, 59.81903076171875], [1.4057234903448351e+18, 1.0, 6.35986328125, 23.5198974609375, 74.69940185546875], [1.4057234903649462e+18, 1.0, 20.2789306640625, 27.178955078125, 89.33868408203125], [1.4057234903850877e+18, 1.0, 34.31854248046875, 30.95855712890625, 104.03900146484375], [1.4057234904051988e+18, 1.0, 47.39990234375, 34.55963134765625, 117.9595947265625], [1.4057234904253404e+18, 1.0, 56.63909912109375, 37.5, 128.63922119140625], [1.4057234904455736e+18, 1.0, 55.19866943359375, 36.419677734375, 127.37884521484375], [1.4057234904656847e+18, 1.0, 47.99957275390625, 32.6385498046875, 119.27947998046875], [1.4057234904858263e+18, 1.0, 35.33935546875, 28.619384765625, 105.5389404296875], [1.4057234905058458e+18, 1.0, 22.0794677734375, 24.77874755859375, 91.3787841796875], [1.4057234905261094e+18, 1.0, 8.819580078125, 20.93963623046875, 77.15911865234375], [1.4057234905461596e+18, 1.0, -4.3792724609375, 17.0989990234375, 62.99896240234375], [1.4057234905663316e+18, 1.0, -17.63916015625, 13.37890625, 48.779296875], [1.4057234905864732e+18, 1.0, -30.65948486328125, 9.3597412109375, 34.619140625], [1.4057234906066148e+18, 1.0, -42.47894287109375, 6.4788818359375, 22.0794677734375], [1.4057234906267259e+18, 1.0, -48.35968017578125, 6.4788818359375, 15.838623046875], [1.4057234906469896e+18, 1.0, -48.83880615234375, 6.41937255859375, 15.179443359375], [1.4057234906671311e+18, 1.0, -49.01885986328125, 6.35986328125, 14.6392822265625], [1.4057234906872422e+18, 1.0, -49.37896728515625, 6.41937255859375, 14.33868408203125], [1.4057234907072924e+18, 1.0, -49.49951171875, 6.35986328125, 14.15863037109375], [1.4057234907274949e+18, 1.0, -49.798583984375, 6.23931884765625, 14.09912109375], [1.4057234907475756e+18, 1.0, -49.859619140625, 5.938720703125, 14.03961181640625]], "onAccuracyChangedData": [[1405723446136000000, 1], [1405723452793000000, 2], [1405723458214000000, 3], [1405723470193000000, 0], [1405723483950000000, 1], [1405723504230000000, 0], [1405723515525000000, 1], [1405723521735000000, 0]], "version": "1.0.0", "calibrated": true, "systemInfo": {"Build.MODEL": "Nexus 4", "Build.VERSION.SDK_INT": 19, "Build.DEVICE": "mako", "screenResolution.X": 1196, "screenResolution.Y": 768, "Build.PRODUCT": "occam"}, "labels": [[1405723490264268800, 1]], "filename": "nexus4-positive-gavin-2-08.json"}