{"magnetometer": [[1.4057236339675699e+18, 0.0, 4.25872802734375, 4.07867431640625, -14.21966552734375], [1.405723633987681e+18, 0.0, 4.19921875, 4.19921875, -13.97857666015625], [1.4057236340079142e+18, 0.0, 4.31976318359375, 4.43878173828125, -13.739013671875], [1.4057236340280558e+18, 0.0, 5.279541015625, 5.15899658203125, -12.298583984375], [1.4057236340481974e+18, 0.0, 10.55908203125, 8.03985595703125, -4.67987060546875], [1.4057236340683085e+18, 0.0, 22.13897705078125, 11.4593505859375, 10.61859130859375], [1.4057236340883889e+18, 0.0, 34.31854248046875, 15.29998779296875, 26.2786865234375], [1.4057236341085307e+18, 0.0, 47.09930419921875, 19.378662109375, 42.17987060546875], [1.4057236341287027e+18, 0.0, 59.3994140625, 23.27880859375, 58.1390380859375], [1.4057236341488138e+18, 0.0, 71.99859619140625, 27.239990234375, 73.919677734375], [1.4057236341690163e+18, 0.0, 84.59930419921875, 30.8990478515625, 89.459228515625], [1.4057236341891581e+18, 0.0, 96.05865478515625, 34.37957763671875, 103.91998291015625], [1.4057236342092081e+18, 0.0, 103.0792236328125, 35.33935546875, 111.9598388671875], [1.4057236342293496e+18, 0.0, 102.7191162109375, 35.39886474609375, 111.71875], [1.4057236342495828e+18, 0.0, 98.699951171875, 33.89892578125, 107.818603515625], [1.4057236342697853e+18, 0.0, 90.3594970703125, 30.2398681640625, 98.33984375], [1.4057236342898051e+18, 0.0, 78.95965576171875, 26.519775390625, 84.1796875], [1.4057236343099466e+18, 0.0, 67.0196533203125, 22.67913818359375, 69.53887939453125], [1.4057236343301187e+18, 0.0, 54.89959716796875, 19.0185546875, 54.779052734375], [1.4057236343503214e+18, 0.0, 43.01910400390625, 15.478515625, 40.01922607421875], [1.4057236343704934e+18, 0.0, 31.13861083984375, 11.9384765625, 25.2593994140625], [1.4057236343905129e+18, 0.0, 20.39947509765625, 8.69903564453125, 11.21978759765625], [1.4057236344107461e+18, 0.0, 12.7197265625, 6.77947998046875, 0.35858154296875], [1.4057236344309184e+18, 0.0, 8.33892822265625, 6.658935546875, -5.33905029296875], [1.4057236344510292e+18, 0.0, 7.49969482421875, 6.77947998046875, -6.41937255859375], [1.4057236344711711e+18, 0.0, 6.59942626953125, 6.89849853515625, -7.1990966796875], [1.4057236344913126e+18, 0.0, 5.938720703125, 6.95953369140625, -8.03985595703125], [1.4057236345113626e+18, 0.0, 5.0994873046875, 6.89849853515625, -8.87908935546875], [1.4057236345315041e+18, 0.0, 4.7393798828125, 6.89849853515625, -9.41925048828125]], "onAccuracyChangedData": [[1405723652750000000, 1]], "version": "1.0.0", "calibrated": true, "systemInfo": {"Build.MODEL": "Nexus 4", "Build.VERSION.SDK_INT": 19, "Build.DEVICE": "mako", "screenResolution.X": 1196, "screenResolution.Y": 768, "Build.PRODUCT": "occam"}, "labels": [[1405723634048197376, 1]], "filename": "nexus4-positive-gavin-3-10.json"}