{"magnetometer": [[1.4057234639994284e+18, 3.0, -48.29864501953125, -21.77886962890625, -17.75970458984375], [1.405723464019692e+18, 3.0, -48.35968017578125, -21.95892333984375, -17.999267578125], [1.4057234640395592e+18, 3.0, -48.2391357421875, -22.198486328125, -17.87872314453125], [1.4057234640595786e+18, 3.0, -47.8790283203125, -22.01995849609375, -17.8192138671875], [1.4057234640796897e+18, 3.0, -45.53985595703125, -21.65985107421875, -16.0186767578125], [1.4057234640999229e+18, 3.0, -37.799072265625, -19.67926025390625, -9.05914306640625], [1.4057234641204611e+18, 3.0, -23.39935302734375, -15.899658203125, 6.41937255859375], [1.4057234641404503e+18, 3.0, -8.2794189453125, -12.1185302734375, 22.3785400390625], [1.4057234641605612e+18, 3.0, 7.07855224609375, -8.2794189453125, 38.45977783203125], [1.4057234641805197e+18, 3.0, 22.7386474609375, -4.3792724609375, 55.13916015625], [1.4057234642009055e+18, 3.0, 38.21868896484375, -0.35858154296875, 71.87957763671875], [1.4057234642210775e+18, 3.0, 53.399658203125, 3.41949462890625, 88.37890625], [1.4057234642409142e+18, 3.0, 66.71905517578125, 7.07855224609375, 103.01971435546875], [1.4057234642811973e+18, 3.0, 74.93896484375, 9.41925048828125, 113.27972412109375], [1.4057234643013389e+18, 3.0, 72.89886474609375, 8.39996337890625, 111.5997314453125], [1.4057234643217856e+18, 3.0, 64.61944580078125, 4.67987060546875, 102.77862548828125], [1.4057234643418662e+18, 3.0, 51.71966552734375, 0.77972412109375, 88.49945068359375], [1.4057234643620078e+18, 3.0, 38.1591796875, -3.118896484375, 73.3184814453125], [1.4057234643818442e+18, 3.0, 24.1790771484375, -6.8389892578125, 57.8399658203125], [1.4057234644022605e+18, 3.0, 9.95941162109375, -10.7391357421875, 42.2393798828125], [1.4057234644227072e+18, 3.0, -4.0191650390625, -14.6392822265625, 26.93939208984375], [1.4057234644422689e+18, 3.0, -17.57965087890625, -18.77899169921875, 11.39984130859375], [1.4057234644624412e+18, 3.0, -29.278564453125, -21.65985107421875, -1.9195556640625], [1.4057234644825523e+18, 3.0, -34.85870361328125, -21.83990478515625, -8.15887451171875], [1.4057234645027853e+18, 3.0, -36.2396240234375, -21.7193603515625, -9.7198486328125], [1.4057234645232323e+18, 3.0, -36.71875, -21.8994140625, -10.43853759765625], [1.4057234645432517e+18, 3.0, -37.078857421875, -22.198486328125, -10.97869873046875], [1.4057234645631798e+18, 3.0, -37.01934814453125, -22.259521484375, -11.39984130859375]], "onAccuracyChangedData": [[1405723446136000000, 1], [1405723452793000000, 2], [1405723458214000000, 3], [1405723470193000000, 0], [1405723483950000000, 1], [1405723504230000000, 0], [1405723515525000000, 1], [1405723521735000000, 0]], "version": "1.0.0", "calibrated": true, "systemInfo": {"Build.MODEL": "Nexus 4", "Build.VERSION.SDK_INT": 19, "Build.DEVICE": "mako", "screenResolution.X": 1196, "screenResolution.Y": 768, "Build.PRODUCT": "occam"}, "labels": [[1405723464079689728, 1]], "filename": "nexus4-positive-gavin-2-00.json"}