{"magnetometer": [[1.4057241147752576e+18, 0.0, -585.9588623046875, 9.59930419921875, -129.53948974609375], [1.4057241147954908e+18, 0.0, -589.1387939453125, 11.03973388671875, -122.39990234375], [1.405724114815785e+18, 0.0, -592.6788330078125, 11.75994873046875, -115.73944091796875], [1.4057241148358044e+18, 0.0, -596.15936279296875, 12.298583984375, -109.31854248046875], [1.4057241148559155e+18, 0.0, -599.639892578125, 11.8194580078125, -103.0792236328125], [1.4057241148760266e+18, 0.0, -603.118896484375, 10.85968017578125, -96.23870849609375], [1.4057241148962294e+18, 0.0, -606.4788818359375, 9.2987060546875, -88.85955810546875], [1.4057241149163098e+18, 0.0, -609.1796875, 7.49969482421875, -80.87921142578125], [1.4057241149565932e+18, 0.0, -613.37890625, 4.91943359375, -62.99896240234375], [1.4057241149767043e+18, 0.0, -614.33868408203125, 4.49981689453125, -53.399658203125], [1.4057241149968458e+18, 0.0, -614.87884521484375, 4.25872802734375, -43.9788818359375], [1.4057241150169874e+18, 0.0, -614.69879150390625, 4.43878173828125, -35.03875732421875], [1.4057241150372206e+18, 0.0, -614.2791748046875, 5.33905029296875, -27.178955078125], [1.4057241150573317e+18, 0.0, -613.2598876953125, 6.41937255859375, -20.098876953125], [1.4057241150773816e+18, 0.0, -611.99951171875, 7.7392578125, -13.37890625], [1.4057241150976148e+18, 0.0, -610.31951904296875, 8.45947265625, -7.01904296875], [1.4057241151177564e+18, 0.0, -608.758544921875, 8.819580078125, -0.95977783203125], [1.405724115137898e+18, 0.0, -607.379150390625, 9.05914306640625, 4.13970947265625], [1.4057241151580396e+18, 0.0, -605.938720703125, 9.11865234375, 8.69903564453125], [1.4057241151782423e+18, 0.0, -604.49981689453125, 9.11865234375, 12.77923583984375], [1.4057241151984143e+18, 0.0, -602.33917236328125, 8.758544921875, 16.4398193359375], [1.4057241152185559e+18, 0.0, -599.69940185546875, 8.5784912109375, 19.85931396484375], [1.4057241152386365e+18, 0.0, -596.5789794921875, 8.21990966796875, 23.0987548828125], [1.4057241152587781e+18, 0.0, -592.85888671875, 8.03985595703125, 25.85906982421875], [1.4057241152787976e+18, 0.0, -588.958740234375, 8.099365234375, 28.49884033203125], [1.4057241152989699e+18, 0.0, -584.45892333984375, 8.03985595703125, 31.6192626953125], [1.4057241153191114e+18, 0.0, -579.17938232421875, 8.03985595703125, 35.21881103515625], [1.4057241153393139e+18, 0.0, -572.5189208984375, 7.97882080078125, 39.65911865234375]], "onAccuracyChangedData": [[1405724120815000000, 1], [1405724127392000000, 0], [1405724134923000000, 1], [1405724140962000000, 2], [1405724143036000000, 0]], "version": "1.0.0", "calibrated": true, "systemInfo": {"Build.MODEL": "Nexus 4", "Build.VERSION.SDK_INT": 19, "Build.DEVICE": "mako", "screenResolution.X": 1196, "screenResolution.Y": 768, "Build.PRODUCT": "occam"}, "labels": [], "filename": "nexus4-negative-gavin-1-13.json"}