{"magnetometer": [[1.4055507384426665e+18, 0.0, 111.5997314453125, -276.4190673828125, 321.11968994140625], [1.4055507384628388e+18, 0.0, 115.19927978515625, -277.8594970703125, 321.23870849609375], [1.4055507384829192e+18, 0.0, 115.8599853515625, -278.03955078125, 321.41876220703125], [1.405550738503061e+18, 0.0, 111.8988037109375, -276.959228515625, 321.23870849609375], [1.4055507385231718e+18, 0.0, 105.95855712890625, -274.07989501953125, 321.17919921875], [1.4055507385432525e+18, 0.0, 98.27880859375, -268.85986328125, 321.59881591796875], [1.405550738563394e+18, 0.0, 88.5589599609375, -259.7991943359375, 321.83990478515625], [1.4055507385835663e+18, 0.0, 77.099609375, -247.259521484375, 322.31903076171875], [1.4055507386037079e+18, 0.0, 63.4796142578125, -231.89849853515625, 321.23870849609375], [1.4055507386239411e+18, 0.0, 47.81951904296875, -215.63873291015625, 319.1986083984375], [1.405550738644052e+18, 0.0, 31.6192626953125, -199.19891357421875, 315.77911376953125], [1.4055507386642547e+18, 0.0, 16.7388916015625, -182.51953125, 311.87896728515625], [1.4055507387044769e+18, 0.0, -11.87896728515625, -150.41961669921875, 298.07891845703125], [1.4055507387245268e+18, 0.0, -23.638916015625, -137.7593994140625, 288.4796142578125], [1.405550738744638e+18, 0.0, -33.3587646484375, -127.61993408203125, 278.5186767578125], [1.4055507387648407e+18, 0.0, -40.37933349609375, -119.6990966796875, 270.0592041015625], [1.4055507387850127e+18, 0.0, -44.219970703125, -113.09967041015625, 263.63983154296875], [1.4055507388051543e+18, 0.0, -45.17974853515625, -107.57904052734375, 261.11907958984375], [1.405550738825418e+18, 0.0, -43.499755859375, -102.59857177734375, 264.239501953125], [1.4055507388454682e+18, 0.0, -39.0594482421875, -98.27880859375, 274.859619140625], [1.4055507388656097e+18, 0.0, -31.0791015625, -93.29986572265625, 294.53887939453125], [1.4055507389058929e+18, 0.0, -1.5594482421875, -80.4595947265625, 355.859375], [1.405550738925943e+18, 0.0, 21.65985107421875, -73.919677734375, 390.3594970703125], [1.4055507389460846e+18, 0.0, 49.37896728515625, -69.95849609375, 417.65899658203125], [1.4055507389863677e+18, 0.0, 110.45989990234375, -65.99884033203125, 447.71881103515625], [1.4055507390064788e+18, 0.0, 142.559814453125, -65.15960693359375, 453.23944091796875], [1.4055507390267121e+18, 0.0, 173.4588623046875, -65.81878662109375, 450.95977783203125]], "onAccuracyChangedData": [[1405550731738000000, 0], [1405550751065000000, 1], [1405550755075000000, 2], [1405550759963000000, 3], [1405550762595000000, 0]], "version": "1.0.0", "calibrated": true, "systemInfo": {"Build.MODEL": "Nexus 4", "Build.VERSION.SDK_INT": 19, "Build.DEVICE": "mako", "screenResolution.X": 1196, "screenResolution.Y": 768, "Build.PRODUCT": "occam"}, "labels": [], "filename": "nexus4-negative-cjr-3-hn-01.json"}