{"magnetometer": [[1.4055504742613325e+18, 0.0, -15.59906005859375, 38.87939453125, 0.0], [1.405550474281474e+18, 0.0, -15.478515625, 39.239501953125, 0.299072265625], [1.405550474301524e+18, 0.0, -15.29998779296875, 39.65911865234375, 0.59967041015625], [1.4055504743216655e+18, 0.0, -14.75982666015625, 40.37933349609375, 1.67999267578125], [1.4055504743418071e+18, 0.0, -12.65869140625, 41.81976318359375, 4.25872802734375], [1.4055504743619794e+18, 0.0, -5.87921142578125, 46.8597412109375, 11.8194580078125], [1.4055504743821514e+18, 0.0, 5.15899658203125, 55.07965087890625, 25.9796142578125], [1.4055504744023542e+18, 0.0, 16.0186767578125, 63.299560546875, 40.37933349609375], [1.4055504744223736e+18, 0.0, 26.8798828125, 71.33941650390625, 54.89959716796875], [1.4055504744426068e+18, 0.0, 37.73956298828125, 79.49981689453125, 69.23980712890625], [1.405550474462718e+18, 0.0, 48.53973388671875, 87.4786376953125, 83.758544921875], [1.4055504744829816e+18, 0.0, 58.8592529296875, 95.39947509765625, 97.55859375], [1.4055504745030316e+18, 0.0, 67.79937744140625, 102.59857177734375, 109.619140625], [1.4055504745230817e+18, 0.0, 71.51947021484375, 105.5999755859375, 115.0787353515625], [1.4055504745433454e+18, 0.0, 66.4794921875, 99.83978271484375, 106.49871826171875], [1.4055504745633953e+18, 0.0, 57.17926025390625, 92.03948974609375, 93.359375], [1.4055504745836285e+18, 0.0, 47.09930419921875, 84.6588134765625, 79.85992431640625], [1.4055504746037396e+18, 0.0, 37.3199462890625, 77.2186279296875, 66.35894775390625], [1.4055504746237896e+18, 0.0, 27.178955078125, 69.95849609375, 52.8594970703125], [1.4055504746439311e+18, 0.0, 17.279052734375, 62.27874755859375, 39.29901123046875], [1.405550474664073e+18, 0.0, 7.1990966796875, 54.53948974609375, 25.67901611328125], [1.405550474684245e+18, 0.0, -2.5787353515625, 47.3388671875, 13.739013671875], [1.4055504747043561e+18, 0.0, -7.9193115234375, 45.47882080078125, 8.9385986328125], [1.4055504747244977e+18, 0.0, -8.819580078125, 45.65887451171875, 8.5784912109375], [1.4055504747446392e+18, 0.0, -8.9385986328125, 45.7794189453125, 8.2794189453125], [1.4055504747648113e+18, 0.0, -9.2987060546875, 45.47882080078125, 7.85980224609375], [1.4055504747852099e+18, 0.0, -9.3597412109375, 45.11871337890625, 7.5592041015625], [1.4055504748052293e+18, 0.0, -9.478759765625, 45.11871337890625, 7.01904296875], [1.4055504748252795e+18, 0.0, -9.7198486328125, 44.99969482421875, 6.719970703125]], "onAccuracyChangedData": [[1405550460658000000, 1], [1405550461800000000, 0], [1405550478604000000, 1], [1405550491124000000, 0], [1405550509976000000, 1], [1405550511005000000, 0]], "version": "1.0.0", "calibrated": true, "systemInfo": {"Build.MODEL": "Nexus 4", "Build.VERSION.SDK_INT": 19, "Build.DEVICE": "mako", "screenResolution.X": 1196, "screenResolution.Y": 768, "Build.PRODUCT": "occam"}, "labels": [[1405550474341807104, 1]], "filename": "nexus4-positive-cjr-4-08.json"}