{"magnetometer": [[1.4055504549255731e+18, 1.0, -441.17889404296875, 34.13848876953125, 74.51934814453125], [1.405550454946142e+18, 1.0, -430.91888427734375, 33.7799072265625, 77.398681640625], [1.4055504549659479e+18, 1.0, -417.29888916015625, 34.13848876953125, 80.6396484375], [1.4055504549859674e+18, 1.0, -400.01983642578125, 34.37957763671875, 84.23919677734375], [1.4055504550265252e+18, 1.0, -354.119873046875, 34.85870361328125, 89.6392822265625], [1.4055504550468193e+18, 1.0, -324.77874755859375, 35.45989990234375, 90.29998779296875], [1.4055504550666253e+18, 1.0, -291.839599609375, 36.419677734375, 88.1988525390625], [1.4055504551069391e+18, 1.0, -216.35894775390625, 39.29901123046875, 72.53875732421875], [1.4055504551269586e+18, 1.0, -177.59857177734375, 40.73944091796875, 58.73870849609375], [1.4055504551472223e+18, 1.0, -140.9393310546875, 42.2393798828125, 42.35992431640625], [1.4055504551672722e+18, 1.0, -108.7188720703125, 43.798828125, 26.2786865234375], [1.4055504551876275e+18, 1.0, -81.658935546875, 45.29876708984375, 10.67962646484375], [1.4055504552077691e+18, 1.0, -59.99908447265625, 46.4996337890625, -3.6590576171875], [1.4055504552279411e+18, 1.0, -43.798828125, 47.5189208984375, -15.838623046875], [1.4055504552486628e+18, 1.0, -33.3587646484375, 48.11859130859375, -24.83978271484375], [1.4055504552682245e+18, 1.0, -28.01971435546875, 48.29864501953125, -30.29937744140625], [1.4055504552883356e+18, 1.0, -26.15966796875, 48.05908203125, -32.3394775390625], [1.4055504553082025e+18, 1.0, -25.9796142578125, 47.75848388671875, -32.3394775390625], [1.4055504553284357e+18, 1.0, -25.799560546875, 47.27935791015625, -32.57904052734375], [1.4055504553486077e+18, 1.0, -25.799560546875, 46.73919677734375, -32.6385498046875], [1.4055504553687188e+18, 1.0, -25.85906982421875, 46.258544921875, -32.6995849609375], [1.4055504553891351e+18, 1.0, -25.9185791015625, 45.7794189453125, -32.57904052734375], [1.405550455409185e+18, 1.0, -26.0986328125, 45.35980224609375, -32.21893310546875], [1.4055504554294182e+18, 1.0, -26.15966796875, 44.6990966796875, -31.67877197265625], [1.4055504554495598e+18, 1.0, -26.03912353515625, 44.6990966796875, -31.79931640625], [1.4055504554694574e+18, 1.0, -25.67901611328125, 44.75860595703125, -32.39898681640625], [1.405550455489599e+18, 1.0, -25.01983642578125, 44.63958740234375, -32.9986572265625]], "onAccuracyChangedData": [[1405550460658000000, 1], [1405550461800000000, 0], [1405550478604000000, 1], [1405550491124000000, 0], [1405550509976000000, 1], [1405550511005000000, 0]], "version": "1.0.0", "calibrated": true, "systemInfo": {"Build.MODEL": "Nexus 4", "Build.VERSION.SDK_INT": 19, "Build.DEVICE": "mako", "screenResolution.X": 1196, "screenResolution.Y": 768, "Build.PRODUCT": "occam"}, "labels": [], "filename": "nexus4-positive-cjr-4-hn-02.json"}