{"magnetometer": [[1.4057235041029967e+18, 1.0, -37.2589111328125, -18.23883056640625, 17.21954345703125], [1.4057235041229857e+18, 1.0, -37.19940185546875, -18.359375, 17.0989990234375], [1.4057235041432189e+18, 1.0, -37.2589111328125, -18.5394287109375, 17.279052734375], [1.4057235041633605e+18, 1.0, -34.73968505859375, -18.41888427734375, 19.439697265625], [1.4057235041834716e+18, 1.0, -22.979736328125, -13.5589599609375, 31.2591552734375], [1.4057235042236938e+18, 0.0, 5.218505859375, -7.1990966796875, 61.0198974609375], [1.4057235042438354e+18, 0.0, 19.1986083984375, -3.89862060546875, 75.95977783203125], [1.4057235042640381e+18, 0.0, 33.4197998046875, -0.71868896484375, 91.0797119140625], [1.4057235042842406e+18, 0.0, 47.39990234375, 2.398681640625, 106.13861083984375], [1.4057235043044129e+18, 0.0, 61.3189697265625, 5.33905029296875, 120.71990966796875], [1.4057235043244933e+18, 0.0, 72.59979248046875, 8.39996337890625, 133.1390380859375], [1.4057235043446044e+18, 0.0, 73.07891845703125, 5.7586669921875, 133.91876220703125], [1.4057235043648072e+18, 0.0, 64.31884765625, 1.019287109375, 123.47869873046875], [1.4057235043848878e+18, 0.0, 51.53961181640625, -2.81982421875, 108.7799072265625], [1.4057235044050598e+18, 0.0, 38.21868896484375, -6.658935546875, 93.95904541015625], [1.4057235044251098e+18, 0.0, 24.77874755859375, -10.61859130859375, 78.89862060546875], [1.4057235044452513e+18, 0.0, 11.4593505859375, -14.6392822265625, 63.71917724609375], [1.4057235044655457e+18, 0.0, -1.8585205078125, -18.77899169921875, 48.65875244140625], [1.4057235044856261e+18, 0.0, -14.8193359375, -23.33984375, 33.7188720703125], [1.4057235045058289e+18, 0.0, -26.21917724609375, -26.93939208984375, 20.69854736328125], [1.4057235045259095e+18, 0.0, -30.65948486328125, -26.93939208984375, 16.0186767578125], [1.4057235045460511e+18, 0.0, -31.19964599609375, -27.47955322265625, 14.87884521484375], [1.4057235045662536e+18, 0.0, -31.37969970703125, -27.899169921875, 14.15863037109375], [1.4057235045862426e+18, 0.0, -31.439208984375, -28.4393310546875, 13.43994140625], [1.4057235046064148e+18, 0.0, -31.31866455078125, -28.73992919921875, 12.59918212890625], [1.405723504626526e+18, 0.0, -31.13861083984375, -29.21905517578125, 11.87896728515625], [1.4057235046466675e+18, 0.0, -31.01959228515625, -29.278564453125, 11.0992431640625], [1.4057235046669312e+18, 0.0, -30.83953857421875, -29.638671875, 10.25848388671875]], "onAccuracyChangedData": [[1405723446136000000, 1], [1405723452793000000, 2], [1405723458214000000, 3], [1405723470193000000, 0], [1405723483950000000, 1], [1405723504230000000, 0], [1405723515525000000, 1], [1405723521735000000, 0]], "version": "1.0.0", "calibrated": true, "systemInfo": {"Build.MODEL": "Nexus 4", "Build.VERSION.SDK_INT": 19, "Build.DEVICE": "mako", "screenResolution.X": 1196, "screenResolution.Y": 768, "Build.PRODUCT": "occam"}, "labels": [[1405723504183471616, 1]], "filename": "nexus4-positive-gavin-2-13.json"}