{"magnetometer": [[1.4057234754789151e+18, 0.0, -28.9794921875, -31.19964599609375, 26.21917724609375], [1.4057234754991483e+18, 0.0, -27.65960693359375, -31.01959228515625, 27.47955322265625], [1.4057234755192899e+18, 0.0, -25.55999755859375, -30.83953857421875, 28.9794921875], [1.4057234755394314e+18, 0.0, -22.49908447265625, -30.419921875, 31.73980712890625], [1.4057234755595425e+18, 0.0, -17.279052734375, -29.5196533203125, 36.65924072265625], [1.4057234755796232e+18, 0.0, -5.6396484375, -24.95880126953125, 48.9593505859375], [1.4057234756199675e+18, 0.0, 19.07958984375, -17.33856201171875, 76.739501953125], [1.4057234756402007e+18, 0.0, 30.65948486328125, -13.6199951171875, 90.11993408203125], [1.4057234756601897e+18, 0.0, 42.17987060546875, -9.77935791015625, 103.0792236328125], [1.4057234756803922e+18, 0.0, 52.91900634765625, -5.87921142578125, 115.618896484375], [1.4057234757005949e+18, 0.0, 62.15972900390625, -2.51922607421875, 126.7791748046875], [1.4057234757206986e+18, 0.0, 66.2994384765625, -1.79901123046875, 132.598876953125], [1.4057234757408097e+18, 0.0, 56.81915283203125, -7.1990966796875, 122.39990234375], [1.4057234757609208e+18, 0.0, 44.63958740234375, -11.33880615234375, 108.89892578125], [1.4057234757810319e+18, 0.0, 32.27996826171875, -15.41900634765625, 95.03936767578125], [1.4057234758011735e+18, 0.0, 19.85931396484375, -19.378662109375, 80.999755859375], [1.4057234758213455e+18, 0.0, 7.07855224609375, -23.4588623046875, 66.89910888671875], [1.4057234758415788e+18, 0.0, -5.57861328125, -27.3590087890625, 52.91900634765625], [1.4057234758616594e+18, 0.0, -17.8192138671875, -31.37969970703125, 39.11895751953125], [1.405723475881801e+18, 0.0, -26.9989013671875, -32.9986572265625, 28.49884033203125], [1.4057234759019425e+18, 0.0, -28.91998291015625, -32.21893310546875, 26.458740234375], [1.4057234759221146e+18, 0.0, -29.5196533203125, -32.03887939453125, 25.85906982421875], [1.4057234759421647e+18, 0.0, -29.93927001953125, -31.73980712890625, 25.67901611328125], [1.4057234759623063e+18, 0.0, -30.1788330078125, -31.73980712890625, 25.6195068359375], [1.4057234759824479e+18, 0.0, -30.2398681640625, -31.55975341796875, 25.738525390625], [1.4057234760025894e+18, 0.0, -30.35888671875, -31.67877197265625, 25.6195068359375], [1.4057234760228227e+18, 0.0, -30.35888671875, -31.6192626953125, 25.6195068359375], [1.4057234760429947e+18, 0.0, -30.5389404296875, -31.79931640625, 25.37994384765625]], "onAccuracyChangedData": [[1405723446136000000, 1], [1405723452793000000, 2], [1405723458214000000, 3], [1405723470193000000, 0], [1405723483950000000, 1], [1405723504230000000, 0], [1405723515525000000, 1], [1405723521735000000, 0]], "version": "1.0.0", "calibrated": true, "systemInfo": {"Build.MODEL": "Nexus 4", "Build.VERSION.SDK_INT": 19, "Build.DEVICE": "mako", "screenResolution.X": 1196, "screenResolution.Y": 768, "Build.PRODUCT": "occam"}, "labels": [[1405723475559542528, 1]], "filename": "nexus4-positive-gavin-2-04.json"}