{"magnetometer": [[1.4057234700401956e+18, 3.0, -41.57867431640625, -24.65972900390625, 13.739013671875], [1.4057234700604285e+18, 3.0, -41.45965576171875, -24.71923828125, 13.67950439453125], [1.4057234700806559e+18, 3.0, -41.339111328125, -24.83978271484375, 13.67950439453125], [1.405723470100767e+18, 3.0, -40.73944091796875, -24.59869384765625, 14.15863037109375], [1.4057234701209085e+18, 3.0, -35.8795166015625, -22.979736328125, 18.8995361328125], [1.4057234701613138e+18, 0.0, -8.03985595703125, -15.6585693359375, 49.6185302734375], [1.405723470181364e+18, 0.0, 6.05926513671875, -11.99951171875, 65.09857177734375], [1.4057234702015055e+18, 0.0, 20.39947509765625, -8.15887451171875, 80.33905029296875], [1.4057234702216776e+18, 0.0, 34.259033203125, -4.25872802734375, 95.69854736328125], [1.4057234702417277e+18, 0.0, 47.75848388671875, -0.35858154296875, 111.29913330078125], [1.4057234702618998e+18, 0.0, 59.039306640625, 2.87933349609375, 125.3387451171875], [1.4057234702820718e+18, 0.0, 59.51995849609375, 0.89874267578125, 126.89971923828125], [1.4057234703022136e+18, 0.0, 46.4385986328125, -2.7587890625, 112.6190185546875], [1.4057234703223552e+18, 0.0, 33.0596923828125, -6.23931884765625, 97.7386474609375], [1.4057234703423747e+18, 0.0, 19.5587158203125, -9.95941162109375, 82.67974853515625], [1.4057234703625467e+18, 0.0, 5.999755859375, -13.67950439453125, 68.0389404296875], [1.405723470382719e+18, 0.0, -7.49969482421875, -17.4591064453125, 53.09906005859375], [1.4057234704028605e+18, 0.0, -20.458984375, -21.17919921875, 38.1591796875], [1.405723470423063e+18, 0.0, -31.91986083984375, -24.29962158203125, 24.29962158203125], [1.4057234704431132e+18, 0.0, -36.71875, -23.699951171875, 18.41888427734375], [1.4057234704633769e+18, 0.0, -36.83929443359375, -23.8189697265625, 17.93975830078125], [1.4057234704834268e+18, 0.0, -37.01934814453125, -23.638916015625, 17.93975830078125], [1.4057234705035991e+18, 0.0, -37.19940185546875, -23.5198974609375, 17.93975830078125], [1.4057234705237407e+18, 0.0, -37.2589111328125, -23.5198974609375, 17.75970458984375], [1.4057234705439127e+18, 0.0, -36.9598388671875, -23.57940673828125, 17.93975830078125], [1.4057234705640238e+18, 0.0, -37.139892578125, -23.87847900390625, 17.93975830078125], [1.4057234705841349e+18, 0.0, -37.19940185546875, -23.87847900390625, 17.57965087890625], [1.4057234706042765e+18, 0.0, -37.078857421875, -23.9990234375, 17.4591064453125]], "onAccuracyChangedData": [[1405723446136000000, 1], [1405723452793000000, 2], [1405723458214000000, 3], [1405723470193000000, 0], [1405723483950000000, 1], [1405723504230000000, 0], [1405723515525000000, 1], [1405723521735000000, 0]], "version": "1.0.0", "calibrated": true, "systemInfo": {"Build.MODEL": "Nexus 4", "Build.VERSION.SDK_INT": 19, "Build.DEVICE": "mako", "screenResolution.X": 1196, "screenResolution.Y": 768, "Build.PRODUCT": "occam"}, "labels": [[1405723470120908544, 1]], "filename": "nexus4-positive-gavin-2-02.json"}