{"magnetometer": [[1.405550358698337e+18, 0.0, -31.49871826171875, 3.71856689453125, 37.9791259765625], [1.4055503587186924e+18, 0.0, -31.31866455078125, 4.3792724609375, 38.57879638671875], [1.4055503587387118e+18, 0.0, -31.31866455078125, 4.97894287109375, 38.93890380859375], [1.4055503587589143e+18, 0.0, -29.8187255859375, 5.33905029296875, 40.0787353515625], [1.4055503587788728e+18, 0.0, -24.77874755859375, 6.05926513671875, 43.9788818359375], [1.4055503587990144e+18, 0.0, -14.33868408203125, 7.85980224609375, 54.17938232421875], [1.4055503588191255e+18, 0.0, 1.25885009765625, 9.77935791015625, 71.759033203125], [1.4055503588594698e+18, 0.0, 33.599853515625, 13.5589599609375, 108.7188720703125], [1.4055503588796114e+18, 0.0, 49.91912841796875, 15.7196044921875, 127.25982666015625], [1.4055503588997225e+18, 0.0, 65.9393310546875, 17.999267578125, 145.6787109375], [1.4055503589199862e+18, 0.0, 80.279541015625, 20.3399658203125, 162.298583984375], [1.4055503589400973e+18, 0.0, 83.69903564453125, 19.31915283203125, 167.57965087890625], [1.4055503589602388e+18, 0.0, 73.6785888671875, 18.8385009765625, 158.51898193359375], [1.4055503589803804e+18, 0.0, 58.55865478515625, 18.41888427734375, 141.778564453125], [1.405550359000522e+18, 0.0, 42.65899658203125, 17.999267578125, 123.9593505859375], [1.4055503590206943e+18, 0.0, 26.81884765625, 17.33856201171875, 106.13861083984375], [1.405550359040757e+18, 0.0, 11.15875244140625, 16.4398193359375, 88.31939697265625], [1.4055503590608986e+18, 0.0, -4.3792724609375, 15.41900634765625, 70.61920166015625], [1.4055503590810097e+18, 0.0, -19.49920654296875, 14.2791748046875, 53.81927490234375], [1.4055503591011512e+18, 0.0, -27.5390625, 16.3787841796875, 45.7794189453125], [1.4055503591212623e+18, 0.0, -27.3590087890625, 16.7388916015625, 45.47882080078125], [1.4055503591415565e+18, 0.0, -27.11944580078125, 16.85943603515625, 45.53985595703125], [1.4055503591617592e+18, 0.0, -26.81884765625, 16.97998046875, 45.65887451171875], [1.4055503591818092e+18, 0.0, -26.75933837890625, 17.15850830078125, 45.7794189453125], [1.4055503592018289e+18, 0.0, -26.57928466796875, 17.39959716796875, 46.01898193359375], [1.4055503592219704e+18, 0.0, -26.458740234375, 17.75970458984375, 46.258544921875], [1.4055503592421729e+18, 0.0, -26.21917724609375, 17.69866943359375, 46.61865234375], [1.4055503592623145e+18, 0.0, -25.49896240234375, 17.69866943359375, 46.61865234375]], "systemInfo": {"Build.MODEL": "Nexus 4", "Build.VERSION.SDK_INT": 19, "Build.DEVICE": "mako", "screenResolution.X": 1196, "screenResolution.Y": 768, "Build.PRODUCT": "occam"}, "labels": [[1405550358778872832, 1]], "filename": "nexus4-positive-cjr-1-10.json", "runInfo": {"creator": "cjr"}, "onAccuracyChangedData": [[1405550326833000000, 0], [1405550350441000000, 1], [1405550353452000000, 0], [1405550368733000000, 1], [1405550381707000000, 0]], "version": "1.0.0", "calibrated": true}