{"magnetometer": [[1.4055506415323628e+18, 0.0, 18.5394287109375, 20.9991455078125, -6.5399169921875], [1.4055506415524129e+18, 0.0, 18.77899169921875, 20.458984375, -6.4788818359375], [1.4055506415726154e+18, 0.0, 18.95904541015625, 19.7998046875, -6.35986328125], [1.4055506415928486e+18, 0.0, 19.2596435546875, 18.77899169921875, -6.41937255859375], [1.4055506416129597e+18, 0.0, 19.5587158203125, 17.75970458984375, -6.5399169921875], [1.4055506416332795e+18, 0.0, 19.67926025390625, 16.85943603515625, -6.5399169921875], [1.4055506416534211e+18, 0.0, 19.73876953125, 15.838623046875, -6.41937255859375], [1.4055506416734712e+18, 0.0, 19.439697265625, 14.75982666015625, -6.298828125], [1.4055506416935823e+18, 0.0, 19.13909912109375, 13.43994140625, -5.8197021484375], [1.4055506417137544e+18, 0.0, 18.8385009765625, 12.23907470703125, -5.8197021484375], [1.4055506417338959e+18, 0.0, 18.95904541015625, 10.49957275390625, -5.8197021484375], [1.4055506417540375e+18, 0.0, 19.07958984375, 8.51898193359375, -5.938720703125], [1.4055506417743621e+18, 0.0, 19.7998046875, 6.298828125, -6.05926513671875], [1.4055506417943818e+18, 0.0, 20.87860107421875, 3.47900390625, -6.1187744140625], [1.4055506418145539e+18, 0.0, 22.4395751953125, 0.6591796875, -6.298828125], [1.4055506418347259e+18, 0.0, 24.5391845703125, -2.2186279296875, -6.4788818359375], [1.4055506418547151e+18, 0.0, 27.29949951171875, -5.15899658203125, -6.89849853515625], [1.4055506418748872e+18, 0.0, 30.35888671875, -7.61871337890625, -6.95953369140625], [1.4055506418950592e+18, 0.0, 33.29925537109375, -9.41925048828125, -7.13958740234375], [1.4055506419152315e+18, 0.0, 36.11907958984375, -10.919189453125, -7.5592041015625], [1.4055506419353423e+18, 0.0, 38.63983154296875, -12.1185302734375, -7.9193115234375], [1.4055506419554534e+18, 0.0, 41.39862060546875, -12.95928955078125, -8.15887451171875], [1.4055506419758697e+18, 0.0, 43.85986328125, -13.1988525390625, -8.33892822265625], [1.4055506419961946e+18, 0.0, 46.01898193359375, -13.13934326171875, -8.819580078125], [1.4055506420162752e+18, 0.0, 47.698974609375, -12.8387451171875, -9.1796875], [1.4055506420361116e+18, 0.0, 49.3194580078125, -12.298583984375, -9.478759765625], [1.4055506420561615e+18, 0.0, 50.81939697265625, -12.1795654296875, -9.8388671875], [1.4055506420762726e+18, 0.0, 52.07977294921875, -11.639404296875, -10.0799560546875], [1.4055506420964754e+18, 0.0, 53.09906005859375, -10.919189453125, -10.43853759765625]], "onAccuracyChangedData": [[1405550634767000000, 1], [1405550657198000000, 0]], "version": "1.0.0", "calibrated": true, "systemInfo": {"Build.MODEL": "Nexus 4", "Build.VERSION.SDK_INT": 19, "Build.DEVICE": "mako", "screenResolution.X": 1196, "screenResolution.Y": 768, "Build.PRODUCT": "occam"}, "labels": [], "filename": "nexus4-negative-cjr-2-10.json"}