{"magnetometer": [[1.4055505023613146e+18, 1.0, -6.95953369140625, -87.1185302734375, -15.179443359375], [1.4055505023814257e+18, 1.0, -6.95953369140625, -87.23907470703125, -14.51873779296875], [1.4055505024015977e+18, 1.0, -5.87921142578125, -86.99951171875, -13.13934326171875], [1.4055505024217393e+18, 1.0, -3.118896484375, -86.21978759765625, -10.55908203125], [1.4055505024419725e+18, 1.0, 3.95965576171875, -83.5784912109375, -4.13970947265625], [1.405550502482103e+18, 1.0, 32.818603515625, -70.43914794921875, 28.19976806640625], [1.4055505025023667e+18, 1.0, 48.05908203125, -63.7786865234375, 45.53985595703125], [1.405550502522582e+18, 1.0, 63.299560546875, -57.23876953125, 62.63885498046875], [1.4055505025427543e+18, 1.0, 78.59954833984375, -50.63934326171875, 79.67987060546875], [1.4055505025628347e+18, 1.0, 92.4591064453125, -44.09942626953125, 95.75958251953125], [1.4055505025829763e+18, 1.0, 104.57916259765625, -37.85858154296875, 110.5194091796875], [1.405550502603179e+18, 1.0, 112.139892578125, -33.4197998046875, 121.01898193359375], [1.4055505026233206e+18, 1.0, 107.09991455078125, -37.2589111328125, 115.8599853515625], [1.4055505026435233e+18, 1.0, 92.57965087890625, -43.6798095703125, 99.05853271484375], [1.4055505026636037e+18, 1.0, 77.7587890625, -50.09918212890625, 81.89849853515625], [1.4055505026836539e+18, 1.0, 63.17901611328125, -56.63909912109375, 64.678955078125], [1.4055505027038564e+18, 1.0, 48.419189453125, -63.1195068359375, 47.27935791015625], [1.4055505027239982e+18, 1.0, 33.83941650390625, -69.89898681640625, 30.29937744140625], [1.4055505027442312e+18, 1.0, 19.2596435546875, -76.739501953125, 13.018798828125], [1.4055505027642509e+18, 1.0, 5.03997802734375, -83.87908935546875, -3.77960205078125], [1.4055505027843617e+18, 1.0, -3.6590576171875, -86.639404296875, -14.15863037109375], [1.405550502804534e+18, 1.0, -3.53851318359375, -86.69891357421875, -14.21966552734375], [1.4055505028246756e+18, 1.0, -3.59954833984375, -87.05902099609375, -14.21966552734375], [1.4055505028449697e+18, 1.0, -3.89862060546875, -86.99951171875, -14.33868408203125], [1.4055505028650808e+18, 1.0, -3.95965576171875, -87.23907470703125, -14.51873779296875], [1.4055505028850698e+18, 1.0, -4.0191650390625, -87.23907470703125, -14.8193359375], [1.405550502905303e+18, 1.0, -4.0191650390625, -87.4786376953125, -15.05889892578125], [1.4055505029254815e+18, 1.0, -3.95965576171875, -87.41912841796875, -15.05889892578125]], "onAccuracyChangedData": [[1405550460658000000, 1], [1405550461800000000, 0], [1405550478604000000, 1], [1405550491124000000, 0], [1405550509976000000, 1], [1405550511005000000, 0]], "version": "1.0.0", "calibrated": true, "systemInfo": {"Build.MODEL": "Nexus 4", "Build.VERSION.SDK_INT": 19, "Build.DEVICE": "mako", "screenResolution.X": 1196, "screenResolution.Y": 768, "Build.PRODUCT": "occam"}, "labels": [[1405550502441972480, 1]], "filename": "nexus4-positive-cjr-4-11.json"}