{"magnetometer": [[1.4055504912844867e+18, 0.0, -31.73980712890625, 5.6396484375, -42.35992431640625], [1.4055504913051164e+18, 0.0, -43.9788818359375, 7.31964111328125, -28.37982177734375], [1.4055504913451556e+18, 0.0, -90.11993408203125, 6.05926513671875, 3.05938720703125], [1.4055504913653583e+18, 0.0, -124.798583984375, 4.67987060546875, 19.49920654296875], [1.4055504914055498e+18, 0.0, -211.138916015625, 2.099609375, 47.5799560546875], [1.4055504914256305e+18, 0.0, -257.9986572265625, 1.37939453125, 56.27899169921875], [1.405550491445589e+18, 0.0, -305.8197021484375, 1.019287109375, 60.479736328125], [1.4055504914859026e+18, 0.0, -396.3592529296875, 1.1993408203125, 55.01861572265625], [1.4055504915063188e+18, 0.0, -434.70001220703125, 1.67999267578125, 46.978759765625], [1.4055504915262164e+18, 0.0, -466.4398193359375, 1.79901123046875, 37.139892578125], [1.4055504915466327e+18, 0.0, -491.57867431640625, 1.8585205078125, 26.39923095703125], [1.4055504915667743e+18, 0.0, -511.138916015625, 1.5594482421875, 15.59906005859375], [1.4055504915868549e+18, 0.0, -526.739501953125, 0.71868896484375, 5.279541015625], [1.40555049160721e+18, 0.0, -538.018798828125, -0.35858154296875, -3.71856689453125], [1.4055504916269243e+18, 0.0, -545.69854736328125, -1.61895751953125, -10.97869873046875], [1.4055504916470354e+18, 0.0, -549.77874755859375, -2.5787353515625, -15.478515625], [1.4055504916672504e+18, 0.0, -551.8798828125, -3.71856689453125, -18.5394287109375], [1.4055504916875446e+18, 0.0, -553.19976806640625, -4.7393798828125, -20.51849365234375], [1.4055504917078999e+18, 0.0, -553.25927734375, -5.8197021484375, -21.23870849609375], [1.4055504917277056e+18, 0.0, -552.77862548828125, -6.59942626953125, -21.3592529296875], [1.4055504917481526e+18, 0.0, -552.65960693359375, -7.1990966796875, -21.7193603515625], [1.4055504917682025e+18, 0.0, -553.31878662109375, -7.43865966796875, -22.259521484375], [1.4055504917884052e+18, 0.0, -554.93927001953125, -7.31964111328125, -23.39935302734375], [1.4055504918090655e+18, 0.0, -558.29925537109375, -7.5592041015625, -26.458740234375], [1.405550491826369e+18, 0.0, -562.73956298828125, -7.9193115234375, -31.31866455078125], [1.4055504918465106e+18, 0.0, -568.07861328125, -8.2794189453125, -37.43896484375], [1.4055504918666826e+18, 0.0, -575.0396728515625, -8.2794189453125, -45.35980224609375]], "onAccuracyChangedData": [[1405550460658000000, 1], [1405550461800000000, 0], [1405550478604000000, 1], [1405550491124000000, 0], [1405550509976000000, 1], [1405550511005000000, 0]], "version": "1.0.0", "calibrated": true, "systemInfo": {"Build.MODEL": "Nexus 4", "Build.VERSION.SDK_INT": 19, "Build.DEVICE": "mako", "screenResolution.X": 1196, "screenResolution.Y": 768, "Build.PRODUCT": "occam"}, "labels": [], "filename": "nexus4-positive-cjr-4-hn-03.json"}