{"magnetometer": [[1.4055505126971702e+18, 0.0, -178.67889404296875, -82.31964111328125, 265.679931640625], [1.4055505127170066e+18, 0.0, -171.7193603515625, -82.67974853515625, 274.139404296875], [1.4055505127774925e+18, 0.0, -145.01953125, -84.95941162109375, 305.03997802734375], [1.4055505127976036e+18, 0.0, -136.55853271484375, -85.7391357421875, 313.739013671875], [1.4055505128178368e+18, 0.0, -127.91900634765625, -86.4593505859375, 322.0794677734375], [1.4055505128380393e+18, 0.0, -119.3389892578125, -86.94000244140625, 329.93927001953125], [1.4055505128584556e+18, 0.0, -111.47918701171875, -87.4786376953125, 336.2396240234375], [1.4055505128785057e+18, 0.0, -104.5196533203125, -88.018798828125, 341.1590576171875], [1.4055505128985556e+18, 0.0, -99.23858642578125, -88.31939697265625, 344.6990966796875], [1.4055505129185446e+18, 0.0, -94.7998046875, -88.5589599609375, 347.1588134765625], [1.4055505129388083e+18, 0.0, -91.3787841796875, -88.49945068359375, 348.65875244140625], [1.4055505129588585e+18, 0.0, -88.43994140625, -88.6199951171875, 349.798583984375], [1.4055505129788475e+18, 0.0, -86.33880615234375, -88.6199951171875, 350.63934326171875], [1.4055505129989586e+18, 0.0, -85.0799560546875, -88.67950439453125, 350.7598876953125], [1.4055505130171776e+18, 0.0, -84.2987060546875, -88.67950439453125, 350.93994140625], [1.4055505130374717e+18, 0.0, -83.69903564453125, -88.6199951171875, 351.29852294921875], [1.4055505130575217e+18, 0.0, -82.67974853515625, -88.5589599609375, 351.59912109375], [1.4055505130776632e+18, 0.0, -82.07855224609375, -88.43994140625, 352.01873779296875], [1.4055505130978051e+18, 0.0, -82.01904296875, -88.49945068359375, 352.43988037109375], [1.4055505131178245e+18, 0.0, -82.7392578125, -88.49945068359375, 352.43988037109375], [1.4055505131381491e+18, 0.0, -83.39996337890625, -88.43994140625, 352.19879150390625], [1.4055505131581993e+18, 0.0, -82.43865966796875, -88.1988525390625, 352.79998779296875], [1.4055505131783104e+18, 0.0, -78.89862060546875, -87.7197265625, 354.83856201171875], [1.405550513198452e+18, 0.0, -72.41973876953125, -87.1185302734375, 357.71942138671875], [1.4055505132387963e+18, 0.0, -49.139404296875, -86.4593505859375, 365.27862548828125], [1.4055505132589988e+18, 0.0, -32.57904052734375, -86.0992431640625, 369.59991455078125], [1.4055505132790794e+18, 0.0, -13.9190673828125, -85.79864501953125, 374.0997314453125]], "onAccuracyChangedData": [[1405550460658000000, 1], [1405550461800000000, 0], [1405550478604000000, 1], [1405550491124000000, 0], [1405550509976000000, 1], [1405550511005000000, 0]], "version": "1.0.0", "calibrated": true, "systemInfo": {"Build.MODEL": "Nexus 4", "Build.VERSION.SDK_INT": 19, "Build.DEVICE": "mako", "screenResolution.X": 1196, "screenResolution.Y": 768, "Build.PRODUCT": "occam"}, "labels": [], "filename": "nexus4-positive-cjr-4-hn-10.json"}