{"magnetometer": [[1.4055506347262758e+18, 1.0, -50.3997802734375, 12.05902099609375, -13.97857666015625], [1.4055506347462648e+18, 1.0, -50.87890625, 10.43853759765625, -14.33868408203125], [1.4055506347663455e+18, 1.0, -31.85882568359375, 9.8388671875, -11.8194580078125], [1.4055506347862733e+18, 1.0, -32.27996826171875, 7.43865966796875, -12.23907470703125], [1.405550634806537e+18, 1.0, -32.51953125, 4.67987060546875, -12.8997802734375], [1.4055506348265871e+18, 1.0, -32.57904052734375, 1.43890380859375, -13.739013671875], [1.4055506348467896e+18, 1.0, -32.57904052734375, -2.03857421875, -14.459228515625], [1.4055506348670228e+18, 1.0, -31.01959228515625, -4.7393798828125, -15.179443359375], [1.4055506348870423e+18, 1.0, -29.8187255859375, -8.87908935546875, -15.95916748046875], [1.4055506349074586e+18, 1.0, -28.4393310546875, -13.1988525390625, -16.7999267578125], [1.4055506349280581e+18, 1.0, -26.458740234375, -17.39959716796875, -17.21954345703125], [1.405550634947742e+18, 1.0, -23.87847900390625, -21.41876220703125, -17.4591064453125], [1.4055506349676088e+18, 1.0, -20.819091796875, -25.439453125, -17.69866943359375], [1.4055506349877199e+18, 1.0, -17.39959716796875, -28.91998291015625, -17.39959716796875], [1.405550635007892e+18, 1.0, -13.5589599609375, -31.91986083984375, -17.0989990234375], [1.4055506350281556e+18, 1.0, -9.3597412109375, -34.55963134765625, -16.619873046875], [1.4055506350482363e+18, 1.0, -5.218505859375, -37.01934814453125, -16.0797119140625], [1.4055506350685304e+18, 1.0, -0.89874267578125, -38.63983154296875, -15.11993408203125], [1.4055506350885194e+18, 1.0, 3.3599853515625, -39.898681640625, -14.39971923828125], [1.4055506351291384e+18, 1.0, 11.57989501953125, -41.21856689453125, -12.1185302734375], [1.4055506351489748e+18, 1.0, 15.41900634765625, -41.45965576171875, -10.97869873046875], [1.4055506351689638e+18, 1.0, 18.719482421875, -41.81976318359375, -9.8388671875], [1.4055506351891359e+18, 1.0, 21.59881591796875, -42.059326171875, -8.819580078125], [1.4055506352093082e+18, 1.0, 24.11956787109375, -41.45965576171875, -7.67974853515625], [1.4055506352299075e+18, 1.0, 26.2786865234375, -41.21856689453125, -6.658935546875], [1.4055506352496522e+18, 1.0, 28.0792236328125, -40.97900390625, -5.69915771484375], [1.405550635270038e+18, 1.0, 29.278564453125, -40.8599853515625, -4.91943359375], [1.4055506352898744e+18, 1.0, 30.1788330078125, -40.7989501953125, -4.49981689453125]], "onAccuracyChangedData": [[1405550634767000000, 1], [1405550657198000000, 0]], "version": "1.0.0", "calibrated": true, "systemInfo": {"Build.MODEL": "Nexus 4", "Build.VERSION.SDK_INT": 19, "Build.DEVICE": "mako", "screenResolution.X": 1196, "screenResolution.Y": 768, "Build.PRODUCT": "occam"}, "labels": [], "filename": "nexus4-negative-cjr-2-00.json"}