{"magnetometer": [[1.4057241847133253e+18, 0.0, -235.919189453125, 24.11956787109375, 123.2391357421875], [1.4057241847334364e+18, 0.0, -237.8387451171875, 24.05853271484375, 123.17962646484375], [1.4057241847537001e+18, 0.0, -239.9993896484375, 23.87847900390625, 122.63946533203125], [1.4057241847738417e+18, 0.0, -243.29986572265625, 23.27880859375, 122.27935791015625], [1.405724184794014e+18, 0.0, -248.638916015625, 22.979736328125, 122.63946533203125], [1.405724184814186e+18, 0.0, -257.45849609375, 22.85919189453125, 123.17962646484375], [1.4057241848345037e+18, 0.0, -269.75860595703125, 22.67913818359375, 123.89984130859375], [1.4057241848547064e+18, 0.0, -284.63897705078125, 22.49908447265625, 124.3194580078125], [1.4057241848748175e+18, 0.0, -301.5594482421875, 22.13897705078125, 124.25994873046875], [1.4057241849150093e+18, 0.0, -339.53857421875, 21.3592529296875, 122.45941162109375], [1.4057241849352422e+18, 0.0, -359.70001220703125, 21.11968994140625, 120.65887451171875], [1.405724184955445e+18, 0.0, -378.89862060546875, 20.93963623046875, 117.8985595703125], [1.4057241849755866e+18, 0.0, -395.87860107421875, 20.75958251953125, 114.7186279296875], [1.4057241849956672e+18, 0.0, -410.39886474609375, 20.57952880859375, 111.1785888671875], [1.4057241850159004e+18, 0.0, -423.17962646484375, 20.2789306640625, 107.3394775390625], [1.4057241850359199e+18, 0.0, -434.8785400390625, 19.85931396484375, 103.13873291015625], [1.4057241850560919e+18, 0.0, -446.099853515625, 19.378662109375, 98.4588623046875], [1.4057241850762335e+18, 0.0, -456.5399169921875, 18.8385009765625, 93.359375], [1.4057241850962836e+18, 0.0, -466.619873046875, 18.1793212890625, 87.8387451171875], [1.4057241851164252e+18, 0.0, -477.0599365234375, 17.15850830078125, 81.658935546875], [1.4057241851365363e+18, 0.0, -487.73956298828125, 16.0797119140625, 74.639892578125], [1.4057241851567388e+18, 0.0, -498.9593505859375, 14.93988037109375, 67.43927001953125], [1.4057241851970527e+18, 0.0, -520.1995849609375, 12.65869140625, 52.19879150390625], [1.4057241852171638e+18, 0.0, -528.89862060546875, 11.8194580078125, 45.29876708984375], [1.4057241852373053e+18, 0.0, -535.919189453125, 10.97869873046875, 39.599609375], [1.4057241852574164e+18, 0.0, -541.49932861328125, 10.31951904296875, 34.85870361328125], [1.4057241852776189e+18, 0.0, -545.69854736328125, 9.77935791015625, 31.01959228515625]], "onAccuracyChangedData": [[1405724172910000000, 1], [1405724179197000000, 2], [1405724184593000000, 0]], "version": "1.0.0", "calibrated": true, "systemInfo": {"Build.MODEL": "Nexus 4", "Build.VERSION.SDK_INT": 19, "Build.DEVICE": "mako", "screenResolution.X": 1196, "screenResolution.Y": 768, "Build.PRODUCT": "occam"}, "labels": [], "filename": "nexus4-negative-gavin-3-12.json"}