{"magnetometer": [[1.4057236647288179e+18, 1.0, -38.27972412109375, -28.19976806640625, -16.558837890625], [1.4057236647492342e+18, 1.0, -38.39874267578125, -28.619384765625, -14.87884521484375], [1.4057236647692841e+18, 1.0, -38.57879638671875, -29.1595458984375, -13.1988525390625], [1.4057236647894257e+18, 1.0, -38.75885009765625, -29.57916259765625, -11.33880615234375], [1.4057236648092928e+18, 1.0, -37.078857421875, -29.5196533203125, -7.67974853515625], [1.4057236648297091e+18, 1.0, -25.67901611328125, -23.93951416015625, 6.5399169921875], [1.4057236648496676e+18, 1.0, -11.87896728515625, -20.159912109375, 23.87847900390625], [1.4057236648697175e+18, 1.0, 1.8585205078125, -16.4398193359375, 41.03851318359375], [1.4057236648898591e+18, 1.0, 15.77911376953125, -12.359619140625, 58.1390380859375], [1.4057236649100006e+18, 1.0, 29.39910888671875, -8.2794189453125, 75.23956298828125], [1.4057236649301729e+18, 1.0, 43.07861328125, -4.0191650390625, 92.0989990234375], [1.4057236649508027e+18, 1.0, 56.63909912109375, 0.299072265625, 108.83941650390625], [1.4057236649704865e+18, 1.0, 66.6595458984375, 3.41949462890625, 122.5189208984375], [1.4057236649908419e+18, 1.0, 61.91864013671875, -1.43890380859375, 119.57855224609375], [1.4057236650107392e+18, 1.0, 48.2391357421875, -4.7393798828125, 106.0791015625], [1.4057236650310945e+18, 1.0, 34.31854248046875, -8.03985595703125, 92.0989990234375], [1.405723665051114e+18, 1.0, 20.159912109375, -11.33880615234375, 77.87933349609375], [1.4057236650711334e+18, 1.0, 6.05926513671875, -14.33868408203125, 63.71917724609375], [1.4057236650912141e+18, 1.0, -7.97882080078125, -17.4591064453125, 49.4384765625], [1.4057236651113861e+18, 1.0, -22.01995849609375, -20.69854736328125, 35.03875732421875], [1.4057236651317719e+18, 1.0, -34.67864990234375, -22.918701171875, 21.95892333984375], [1.405723665152066e+18, 1.0, -42.059326171875, -22.49908447265625, 14.8193359375], [1.4057236651721162e+18, 1.0, -42.65899658203125, -21.7193603515625, 15.11993408203125], [1.4057236652121554e+18, 1.0, -43.55926513671875, -20.098876953125, 16.0797119140625], [1.4057236652324188e+18, 1.0, -43.6798095703125, -19.439697265625, 16.67938232421875], [1.4057236652528658e+18, 1.0, -43.85986328125, -18.59893798828125, 17.15850830078125], [1.4057236652725496e+18, 1.0, -43.91937255859375, -17.57965087890625, 17.93975830078125], [1.4057236652926607e+18, 1.0, -43.798828125, -16.619873046875, 18.41888427734375]], "onAccuracyChangedData": [[1405723652750000000, 1]], "version": "1.0.0", "calibrated": true, "systemInfo": {"Build.MODEL": "Nexus 4", "Build.VERSION.SDK_INT": 19, "Build.DEVICE": "mako", "screenResolution.X": 1196, "screenResolution.Y": 768, "Build.PRODUCT": "occam"}, "labels": [[1405723664809292800, 1]], "filename": "nexus4-positive-gavin-3-24.json"}