{"magnetometer": [[1.4055505080843395e+18, 1.0, -451.019287109375, 32.3394775390625, -307.7392578125], [1.405550508104298e+18, 1.0, -444.59991455078125, 31.13861083984375, -308.2794189453125], [1.4055505081247142e+18, 1.0, -439.61944580078125, 29.69970703125, -308.39996337890625], [1.4055505081446728e+18, 1.0, -435.2996826171875, 28.13873291015625, -307.97882080078125], [1.4055505081646313e+18, 1.0, -431.878662109375, 26.03912353515625, -307.43865966796875], [1.4055505081847729e+18, 1.0, -428.338623046875, 23.33984375, -306.719970703125], [1.4055505082049452e+18, 1.0, -424.139404296875, 19.9798583984375, -305.87921142578125], [1.4055505082257275e+18, 1.0, -418.9788818359375, 16.4398193359375, -304.91943359375], [1.4055505082455334e+18, 1.0, -412.67852783203125, 12.95928955078125, -303.6590576171875], [1.4055505082656141e+18, 1.0, -405.11932373046875, 9.8388671875, -302.15911865234375], [1.4055505082858166e+18, 1.0, -396.29974365234375, 7.7392578125, -299.87945556640625], [1.4055505083056835e+18, 1.0, -386.87896728515625, 7.07855224609375, -296.81854248046875], [1.4055505083262523e+18, 1.0, -377.7587890625, 8.39996337890625, -292.498779296875], [1.4055505083459361e+18, 1.0, -369.35882568359375, 11.33880615234375, -287.21923828125], [1.4055505083660472e+18, 1.0, -362.87994384765625, 15.77911376953125, -281.5185546875], [1.4055505083862195e+18, 1.0, -358.4991455078125, 20.87860107421875, -275.3387451171875], [1.4055505084063611e+18, 1.0, -355.79986572265625, 26.03912353515625, -269.09942626953125], [1.4055505084268687e+18, 1.0, -354.779052734375, 30.419921875, -263.6993408203125], [1.4055505084468884e+18, 1.0, -354.83856201171875, 33.65936279296875, -259.4390869140625], [1.4055505084670909e+18, 1.0, -355.01861572265625, 35.699462890625, -256.85882568359375], [1.4055505085279555e+18, 1.0, -354.35943603515625, 34.31854248046875, -259.85870361328125], [1.4055505085473951e+18, 1.0, -352.978515625, 33.0596923828125, -264.3585205078125], [1.4055505085676588e+18, 1.0, -351.47857666015625, 32.51953125, -270.35980224609375], [1.4055505085877394e+18, 1.0, -350.45928955078125, 33.1787109375, -276.83868408203125], [1.4055505086080031e+18, 1.0, -350.45928955078125, 34.85870361328125, -283.43963623046875], [1.4055505086281751e+18, 1.0, -351.959228515625, 37.799072265625, -289.61944580078125], [1.4055505086483471e+18, 1.0, -354.4189453125, 41.69921875, -294.8394775390625]], "onAccuracyChangedData": [[1405550460658000000, 1], [1405550461800000000, 0], [1405550478604000000, 1], [1405550491124000000, 0], [1405550509976000000, 1], [1405550511005000000, 0]], "version": "1.0.0", "calibrated": true, "systemInfo": {"Build.MODEL": "Nexus 4", "Build.VERSION.SDK_INT": 19, "Build.DEVICE": "mako", "screenResolution.X": 1196, "screenResolution.Y": 768, "Build.PRODUCT": "occam"}, "labels": [], "filename": "nexus4-positive-cjr-4-hn-09.json"}