{"magnetometer": [[1.4057236059278021e+18, 0.0, -388.6199951171875, 158.9385986328125, -302.2796630859375], [1.4057236059480046e+18, 0.0, -389.6392822265625, 158.9996337890625, -302.099609375], [1.4057236059681769e+18, 0.0, -390.95916748046875, 159.05914306640625, -302.2186279296875], [1.4057236059883185e+18, 0.0, -392.69866943359375, 158.6395263671875, -302.51922607421875], [1.4057236060084296e+18, 0.0, -395.458984375, 158.5784912109375, -302.81982421875], [1.4057236060284795e+18, 0.0, -398.9990234375, 158.39996337890625, -302.69927978515625], [1.4057236060486211e+18, 0.0, -403.4393310546875, 158.5784912109375, -302.7587890625], [1.4057236060687933e+18, 0.0, -409.31854248046875, 158.819580078125, -302.03857421875], [1.4057236060889654e+18, 0.0, -416.45965576171875, 159.7198486328125, -300.95977783203125], [1.4057236061091069e+18, 0.0, -425.3997802734375, 160.919189453125, -298.79913330078125], [1.4057236061291876e+18, 0.0, -435.9588623046875, 163.018798828125, -294.71893310546875], [1.4057236061494513e+18, 0.0, -447.6593017578125, 166.7388916015625, -288.5986328125], [1.4057236061695928e+18, 0.0, -459.8388671875, 171.23870849609375, -280.25970458984375], [1.4057236062098455e+18, 0.0, -482.21893310546875, 181.67877197265625, -254.69970703125], [1.4057236062299261e+18, 0.0, -490.73944091796875, 187.078857421875, -238.1988525390625], [1.4057236062500677e+18, 0.0, -496.61865234375, 192.29888916015625, -219.59991455078125], [1.4057236062702702e+18, 0.0, -499.19891357421875, 197.09930419921875, -199.25994873046875], [1.4057236062903813e+18, 0.0, -498.47869873046875, 200.99945068359375, -178.01971435546875], [1.4057236063105841e+18, 0.0, -494.63958740234375, 203.27911376953125, -156.4788818359375], [1.4057236063306035e+18, 0.0, -487.3199462890625, 203.5797119140625, -135.53924560546875], [1.4057236063710088e+18, 0.0, -463.1988525390625, 200.99945068359375, -97.85919189453125], [1.405723606391242e+18, 0.0, -447.83935546875, 199.37896728515625, -79.43878173828125], [1.4057236064113226e+18, 0.0, -431.09893798828125, 197.8790283203125, -60.2386474609375], [1.4057236064313725e+18, 0.0, -412.3199462890625, 196.1395263671875, -39.7796630859375], [1.4057236064514836e+18, 0.0, -390.3594970703125, 195.17974853515625, -17.21954345703125], [1.405723606491828e+18, 0.0, -331.79931640625, 196.61865234375, 34.619140625], [1.4057236065120305e+18, 0.0, -293.5791015625, 199.44000244140625, 59.9395751953125]], "onAccuracyChangedData": [[1405723652750000000, 1]], "version": "1.0.0", "calibrated": true, "systemInfo": {"Build.MODEL": "Nexus 4", "Build.VERSION.SDK_INT": 19, "Build.DEVICE": "mako", "screenResolution.X": 1196, "screenResolution.Y": 768, "Build.PRODUCT": "occam"}, "labels": [], "filename": "nexus4-positive-gavin-3-hn-01.json"}